Date,Risk_Indicator_1,Risk_Indicator_2,Risk_Indicator_3,Compliance_Status,Feature_1,Feature_2,Feature_3,Incident_Severity
01/01/2023,54.96714153,36.99677718,59.87232588,1,22.02235697,8.198657235,31.43776511,5
02/01/2023,48.61735699,34.62316841,67.83221994,1,25.95645243,8.071599857,34.39832569,8
03/01/2023,56.47688538,30.29815185,58.11370119,1,29.08579898,12.16011212,18.64342693,1
04/01/2023,65.23029856,26.76531611,65.38057706,1,18.38241031,11.88557703,31.86894515,6
05/01/2023,47.65846625,33.49111657,41.59578,0,21.96571781,10.97461047,22.87340856,4
06/01/2023,47.65863043,31.96742693,73.19940561,0,22.27904143,12.14385973,27.61606048,4
07/01/2023,65.79212816,34.4759661,70.01808213,0,20.78192693,8.241434435,33.20618939,10
08/01/2023,57.67434729,33.17585901,57.74367053,1,19.6046192,10.69719024,30.54656164,6
09/01/2023,45.30525614,35.24776358,79.88868503,0,21.74390156,9.749651143,24.89076012,8
10/01/2023,55.42560044,27.32382394,84.06355206,1,9.871015659,11.69376421,30.03763894,3
11/01/2023,45.36582307,36.58697033,45.88660203,0,22.72827796,9.769551535,20.81078811,8
12/01/2023,45.34270246,30.98799802,58.55912832,1,20.50471161,9.230114223,36.90160438,10
13/01/2023,52.41962272,40.37630436,58.46286475,0,19.11010041,11.08181704,28.76829588,9
14/01/2023,30.86719755,26.55406091,55.90145348,0,28.18744878,11.75233833,36.71129967,8
15/01/2023,32.75082167,38.67981902,82.44212263,1,17.30026392,8.66330961,26.84080988,3
16/01/2023,44.37712471,30.98955392,67.09260792,0,18.38769604,9.877848657,26.85854407,2
17/01/2023,39.8716888,26.74290998,66.03227738,1,27.96621321,7.883118733,25.41487928,1
18/01/2023,53.14247333,27.58057083,39.94206453,0,16.67175478,5.003877965,35.25704359,8
19/01/2023,40.91975924,28.39826346,79.53127045,0,17.79953887,10.40091926,25.74341306,1
20/01/2023,35.87696299,32.12082973,51.41112408,1,19.41189831,11.21781071,33.86757259,5
21/01/2023,64.65648769,32.61417744,70.89898945,1,23.36293793,10.52413362,27.70528561,4
22/01/2023,47.742237,27.13149998,74.16065407,0,20.83121003,6.100876564,18.1442202,4
23/01/2023,50.67528205,29.87822704,90.40987894,0,14.82949861,9.29830114,26.57811559,3
24/01/2023,35.75251814,40.71135179,50.36769401,0,17.87132575,5.56330448,22.92535071,5
25/01/2023,44.55617275,38.63771585,24.70731766,0,17.57058227,12.73940222,30.20341634,4
26/01/2023,51.1092259,32.18161835,72.75774317,0,19.69111582,7.827890836,22.85755359,10
27/01/2023,38.49006423,30.19001739,97.00766772,0,21.70337463,12.51080722,35.5558506,3
28/01/2023,53.75698018,30.60015663,88.58419529,1,21.67282302,11.89173929,29.45354484,8
29/01/2023,43.9936131,33.06758986,73.14489123,1,12.89595298,8.198819295,28.93442403,5
30/01/2023,47.0830625,24.88603717,62.62545722,1,24.25576395,7.734430097,33.93535283,10
31/01/2023,43.98293388,28.71311731,82.10683895,0,21.01027538,10.70074043,35.7834416,9
01/02/2023,68.52278185,21.65707963,55.396807,0,25.53812819,8.311351926,29.87940749,9
02/02/2023,49.86502775,31.99611561,77.14536654,0,21.77679331,10.20496928,25.3727982,9
03/02/2023,39.42289071,33.2359797,77.58205239,1,24.40529183,9.034344818,19.3561823,2
04/02/2023,58.22544912,27.58406769,85.90314861,1,21.86618125,6.437683171,25.88370146,9
05/02/2023,37.7915635,37.86993382,111.3949006,0,25.38490302,5.539063962,26.29672652,5
06/02/2023,52.08863595,23.87117168,75.88623951,0,22.08900254,10.4533685,30.64234472,0
07/02/2023,30.40329876,22.6781256,62.36554561,1,19.60833901,8.876884507,27.92911871,4
08/02/2023,36.71813951,31.12225909,69.61638532,1,29.08973888,8.893820366,34.12759783,9
09/02/2023,51.96861236,35.23549151,43.46386143,1,23.55614849,11.39172768,26.32210037,5
10/02/2023,57.3846658,38.41963846,59.57930303,0,22.29497768,12.34688455,29.657753,10
11/02/2023,51.71368281,27.70557869,63.86076343,0,14.89478233,9.454910557,37.10392466,7
12/02/2023,48.84351718,35.39340417,62.13867403,0,14.84676953,9.318802586,32.05095128,10
13/02/2023,46.98896304,29.80745765,72.28532308,1,21.17086193,11.00028607,29.63977475,8
14/02/2023,35.2147801,29.1368635,57.66370101,1,20.58208479,7.286128861,26.38833335,10
15/02/2023,42.80155792,34.41829969,86.81546001,0,17.54350974,10.44630611,26.20061162,2
16/02/2023,45.39361229,33.26161439,70.00310597,0,20.5639308,11.10377194,24.89632048,1
17/02/2023,60.57122226,22.11803922,69.86049518,1,26.35450771,11.36046042,26.75395881,3
18/02/2023,53.4361829,37.38270175,65.08157925,0,22.7816099,6.126494595,34.53399503,7
19/02/2023,32.36959845,36.90045677,72.32786026,1,15.43596596,8.47728946,28.66867037,10
20/02/2023,53.24083969,26.87218649,82.37647397,1,19.55396469,8.243473494,21.90136158,7
21/02/2023,46.1491772,31.97901767,56.99304676,0,16.78013408,10.19977391,40.60901576,2
22/02/2023,43.23078,32.47015093,60.12825266,1,18.44920033,10.96148916,31.91979115,3
23/02/2023,56.11676289,31.30336883,65.44410957,0,18.34553734,12.99342081,21.5583396,2
24/02/2023,60.30999522,27.24847423,49.81193615,1,18.08941767,9.010069039,27.34890644,9
25/02/2023,59.31280119,26.64188316,57.7111321,1,14.97945851,9.004855003,30.6653183,1
26/02/2023,41.60782477,29.87222965,62.8566869,0,19.48938127,12.29934404,40.22755256,3
27/02/2023,46.90787624,35.8636451,83.11583771,1,17.75756945,10.59315388,23.35132525,5
28/02/2023,53.31263431,32.71800077,73.93841994,0,8.28220524,12.53530302,35.85624432,10
01/03/2023,59.75545127,28.14692834,72.90384867,0,28.2118881,10.57745601,38.39691856,10
02/03/2023,45.20825762,33.85849355,82.76346943,1,24.35507862,7.685766763,26.22807417,4
03/03/2023,48.14341023,15.7572869,67.93942317,0,18.4947971,7.33374329,28.33491829,2
04/03/2023,38.93665026,35.7438285,75.85697275,0,20.0752762,6.896975502,23.78214452,1
05/03/2023,38.03793376,21.30143111,68.45167371,0,15.31338261,11.32410367,28.77923315,8
06/03/2023,58.12525822,28.18779529,73.98043524,0,26.78289151,12.37719365,29.78046015,0
07/03/2023,63.56240029,24.40165053,61.25862014,0,27.58915478,13.69872428,33.95789999,8
08/03/2023,49.27989878,23.52659262,33.41774263,0,20.62677491,11.68621066,36.54110083,0
09/03/2023,60.03532898,35.80413394,67.98581257,1,24.09412258,12.32567716,25.51142361,6
10/03/2023,53.61636025,27.66149399,91.34122204,0,20.70114712,8.839967335,18.19604961,5
11/03/2023,43.54880245,31.73251941,83.89323103,1,14.65309824,7.687168367,29.87253132,6
12/03/2023,53.61395606,29.76539711,84.48096227,1,18.35270652,11.70015866,31.76122518,2
13/03/2023,65.38036566,32.38520414,88.54196083,0,20.52771187,10.8353615,31.49650613,2
14/03/2023,49.64173961,30.38410946,71.32986386,1,18.18180913,10.21488875,28.03996051,10
15/03/2023,65.64643656,23.58503888,72.95973561,1,19.12538689,10.77474296,30.7485126,0
16/03/2023,23.80254896,34.9813341,60.73522157,0,19.63440177,10.64637096,39.09266885,3
17/03/2023,58.21902504,27.53121708,65.25890716,0,19.67648601,12.56763372,32.29040501,1
18/03/2023,50.87047068,22.21709051,79.23656725,0,20.20903396,12.58997117,27.75978945,9
19/03/2023,47.0099265,27.8594242,88.05826656,1,15.75757973,11.0884407,26.9988131,7
20/03/2023,50.91760777,37.50379895,67.90830586,1,17.1319354,11.69160575,28.98088585,2
21/03/2023,30.12431085,34.25110871,63.24716103,0,14.86166294,11.0281251,39.82043977,6
22/03/2023,47.80328112,28.25673933,70.00791938,0,23.9112622,9.077660536,28.90019574,6
23/03/2023,53.57112572,28.25371148,79.01810123,1,11.57741223,11.51312935,29.88123393,8
24/03/2023,64.77894045,28.39182474,48.34217776,1,24.61436137,7.211009862,27.10611857,5
25/03/2023,44.81729782,40.38373992,35.5572857,1,25.54539759,12.1077831,36.59390014,0
26/03/2023,41.91506397,31.90967726,61.74194726,1,18.79127765,7.61095412,41.75902353,7
27/03/2023,44.98242956,32.15020824,51.68931361,0,9.587451649,10.57160657,32.7036783,0
28/03/2023,59.15402118,35.15141727,62.37789704,1,18.55475775,8.309692083,30.49663742,2
29/03/2023,53.2875111,31.1939458,67.78329522,1,19.74326335,11.10677797,30.220697,10
30/03/2023,44.70239796,28.70478927,63.20127386,1,15.95760712,9.932149548,15.69415927,4
31/03/2023,55.13267433,29.01825075,91.78701302,1,17.93912642,6.810488084,34.47090519,7
01/04/2023,50.97077549,29.6419937,74.90117147,0,26.1207808,10.84139926,30.8049985,8
02/04/2023,59.68644991,29.81388882,74.50711539,0,22.65970865,8.844158446,32.5700523,6
03/04/2023,42.97946906,33.63814772,79.33310716,1,16.30174354,11.76229344,25.73122684,8
04/04/2023,46.72337853,30.25972943,52.91750323,1,13.60960332,10.00265138,27.69325873,10
05/04/2023,46.07891847,33.66320039,85.58667681,0,18.69193073,10.79084197,27.53385038,2
06/04/2023,35.36485052,29.5964171,68.8635357,0,19.14617288,8.08486209,36.1297379,4
07/04/2023,52.96120277,30.39317595,80.05720926,1,21.98479675,8.821335537,27.72744098,9
08/04/2023,52.61055272,20.00899658,53.9221415,1,17.85873315,9.082722728,42.49596193,7
09/04/2023,50.05113457,34.58163837,46.69361851,0,22.0459983,11.71340496,32.58517451,0
10/04/2023,47.65412867,31.73244238,82.26834487,0,27.74061616,13.35475418,22.34590404,7
11/04/2023,35.84629258,34.99005055,75.64614289,0,23.26200409,8.389656497,29.22872224,6
12/04/2023,45.79354677,15.51872311,56.46922668,0,19.80764597,12.15369629,26.08994927,0
13/04/2023,46.57285483,40.44187352,56.95505378,0,19.26739812,5.660645165,16.83370518,9
14/04/2023,41.97722731,29.30205186,86.88152177,0,18.57330746,7.611621198,39.59682564,9
15/04/2023,48.38714288,35.54091408,52.15882161,1,24.72256365,8.082443088,34.21885525,5
16/04/2023,54.04050857,24.80047036,94.6400943,0,17.49074622,7.294982621,33.19924391,0
17/04/2023,68.86185901,33.06386953,56.49068898,0,20.18089084,6.83282322,30.99242196,1
18/04/2023,51.74577813,24.73292218,79.57587888,0,20.20479161,10.82599782,21.70789459,4
19/04/2023,52.57550391,26.8811552,65.07072286,0,17.99286323,9.571864605,27.09829716,1
20/04/2023,49.25554084,39.57015677,79.04781147,1,14.51013781,10.7588108,35.05068465,9
21/04/2023,30.81228785,29.046588,61.83828997,1,21.29189801,11.38094537,23.69267982,0
22/04/2023,49.73486125,31.08716437,67.55810641,0,19.75598411,10.53123399,14.8093841,5
23/04/2023,50.6023021,34.35033865,70.61378763,1,22.00096188,11.31552635,28.63736395,7
24/04/2023,74.63242112,32.47840944,54.96718816,1,17.86559877,9.860935428,29.14945468,7
25/04/2023,48.07639035,30.75209453,81.11236518,1,24.8832852,7.626013223,30.8133805,7
26/04/2023,53.01547342,31.82480501,62.3017965,1,16.49290488,12.11562836,34.37111186,10
27/04/2023,49.6528823,42.01707793,66.57100127,1,26.84816114,8.821775734,33.82563487,5
28/04/2023,38.31321962,29.71190601,55.08475938,1,13.00945396,8.128807402,31.55261883,10
29/04/2023,61.42822815,31.00549523,31.56499512,0,21.73908026,9.644164248,37.17318833,2
30/04/2023,57.51933033,35.25327198,67.13458356,0,21.90172273,8.174378161,20.88618132,0
01/05/2023,57.91031947,35.52762966,106.1892313,0,16.81777173,9.165139236,33.02749089,1
02/05/2023,40.90612545,35.93515153,81.76906432,0,21.69757575,10.68810784,33.75923018,4
03/05/2023,64.02794311,33.19365111,69.7110943,0,25.11807468,10.69668348,22.56262628,9
04/05/2023,35.98148937,24.28497544,66.05663756,1,11.13272464,8.204339867,20.98277635,4
05/05/2023,55.86857094,38.16715766,70.33698839,0,22.01097923,9.024589254,25.52434724,9
06/05/2023,71.90455626,24.26827303,78.20678673,0,10.02691672,12.14866601,26.03075134,0
07/05/2023,40.09463675,31.51317733,52.28780777,1,16.13734079,10.99280024,34.52051678,0
08/05/2023,44.3370227,26.22862075,86.71482542,1,26.51666546,14.15013008,26.3127673,8
09/05/2023,50.99651365,29.67930827,80.73071973,0,17.67287187,12.36025635,24.86190889,1
10/05/2023,44.96524346,31.64381205,80.77278589,1,15.30448014,12.28858614,26.33019758,6
11/05/2023,34.49336569,31.60678608,76.57713608,1,19.20824908,7.224262899,36.711794,9
12/05/2023,50.68562975,32.10960377,70.29424987,1,28.27162535,11.5277207,30.07826025,3
13/05/2023,39.37696286,38.06855635,80.09291854,1,12.67327101,9.893786397,28.92449385,6
14/05/2023,54.73592431,32.26767151,78.87721201,0,15.79476035,8.898036393,29.33996701,7
15/05/2023,40.80575766,28.77921682,64.68938934,1,25.98972673,10.33603068,37.75236201,4
16/05/2023,65.49934405,34.82043584,61.39597341,0,27.43080937,11.89042307,25.50496964,0
17/05/2023,42.16746708,35.94735244,71.52784443,0,19.5862751,11.00166318,37.89304975,3
18/05/2023,46.77938484,23.86196092,93.23530227,1,15.04378919,8.243052397,31.26297779,9
19/05/2023,58.13517217,32.98700035,51.41339387,1,28.38337401,11.48491783,29.03748371,2
20/05/2023,37.69135684,33.50586371,47.98712101,1,26.37776957,8.724824916,45.00540299,9
21/05/2023,52.27459935,28.51218248,72.47141262,0,22.71578795,10.43336624,23.66616306,4
22/05/2023,63.07142754,36.87853407,70.76331553,1,16.7503906,9.393299865,27.87788544,9
23/05/2023,33.92516765,29.24972206,72.60012497,1,19.80388264,9.562267497,22.60541257,9
24/05/2023,51.84633859,30.62788227,73.65929797,1,19.35855968,11.53248595,35.71477182,5
25/05/2023,52.59882794,29.13464088,66.65196618,1,21.32340522,7.91961256,40.1351336,1
26/05/2023,57.81822872,30.07789524,92.34795158,1,25.80400575,13.89039015,40.01953669,6
27/05/2023,37.63049289,24.51862457,45.98644032,0,23.51766816,6.357827861,37.34369252,2
28/05/2023,36.79543387,22.79974559,57.57254463,1,15.69049569,8.804664633,28.81427719,0
29/05/2023,55.21941566,37.97252532,68.4511786,1,25.5059858,10.74042378,27.80855414,9
30/05/2023,52.96984673,25.76519326,45.35216783,1,21.25252856,11.16862833,19.97298137,2
31/05/2023,52.5049285,25.04303825,67.36218393,0,22.74826318,9.799048559,42.21524121,8
01/06/2023,53.46448209,19.23304943,94.92205249,1,25.86616344,9.885218594,32.81386847,9
02/06/2023,43.19975278,26.80519126,70.31329732,0,15.553679,10.82110017,27.04825857,10
03/06/2023,52.32253697,23.38455103,73.46051359,0,19.85669769,9.537861045,37.96834133,10
04/06/2023,52.93072473,38.2100758,51.09752852,1,17.87418179,12.78636252,24.1634129,5
05/06/2023,42.85648582,35.04908545,60.75457888,1,13.7285623,11.67869823,32.43973221,10
06/06/2023,68.65774511,26.55924827,64.3720543,1,21.38683991,11.7456487,28.96422519,5
07/06/2023,54.73832921,41.26217903,65.23427355,0,30.04622621,8.067686553,33.83206284,3
08/06/2023,38.08696503,34.90882743,89.22465693,0,12.63968902,9.841223151,29.61855876,7
09/06/2023,56.56553609,28.37584308,78.36536591,0,19.87087756,9.399068103,21.29443265,4
10/06/2023,40.2531833,17.50297143,53.32813065,0,22.56217174,7.988797249,30.45345824,6
11/06/2023,57.87084604,41.45471286,73.69757168,0,20.49231281,10.72032837,36.29318485,8
12/06/2023,61.58595579,23.05213767,77.47332623,0,19.54748779,8.924708484,29.82470156,4
13/06/2023,41.79317682,21.77300627,87.10223558,1,14.80313455,11.31080766,34.65069073,10
14/06/2023,59.63376129,35.11285216,93.7081103,1,20.93114697,7.859616874,23.72682309,4
15/06/2023,54.12780927,42.19876203,54.77358712,0,16.97294409,13.43808123,29.84243524,3
16/06/2023,58.2206016,36.92136409,57.83713733,1,11.24031318,8.207334683,26.25293727,5
17/06/2023,68.96792983,32.8195456,51.13633212,1,24.77836888,10.43860467,34.48188504,1
18/06/2023,47.54611884,32.97377171,66.48970211,0,23.83354328,11.58371862,30.18894937,2
19/06/2023,42.46263836,34.26707779,76.99537562,0,20.20664391,8.85871914,34.14044206,0
20/06/2023,41.1048557,33.79464295,84.81001775,1,20.91629875,11.70493729,36.52626256,1
21/06/2023,41.84189715,31.40595712,68.86073465,0,24.29727205,7.541632804,34.14971145,1
22/06/2023,49.22898291,30.52100552,65.20228715,0,20.89735863,12.9042354,31.63871061,7
23/06/2023,53.41151975,29.68703436,72.27636988,1,23.61607022,10.02829853,24.01072645,7
24/06/2023,52.76690799,26.23017706,57.47285648,0,18.8100712,8.807177184,29.98328334,1
25/06/2023,58.27183249,28.59662462,101.3430808,1,25.24793495,9.401636455,26.80145759,5
26/06/2023,50.13001892,21.53521593,45.88508459,1,21.2831429,11.61783854,27.93561626,4
27/06/2023,64.53534077,29.50830187,72.77110868,1,20.77620777,8.831089416,27.7527951,2
28/06/2023,47.35343167,25.05704446,100.3540933,1,14.91975565,8.501284621,24.12044655,4
29/06/2023,77.20169167,24.48205341,70.10199767,1,21.14782342,9.556926805,18.25596847,4
30/06/2023,56.25667348,30.89947076,67.14941447,0,16.67218033,7.646075774,25.99114171,4
01/07/2023,41.42842444,36.96001143,64.63831866,0,17.44686909,13.64108782,31.16027671,2
02/07/2023,39.29107502,34.59158303,67.29412477,0,16.73849749,8.867210818,21.91093773,2
03/07/2023,54.82472415,22.14749698,90.59272712,0,15.73506027,11.66323357,30.09409342,3
04/07/2023,47.76537215,25.05185932,36.82207133,1,28.49908561,10.41894017,41.40161055,6
05/07/2023,57.14000494,34.70385594,93.00150552,1,25.32535625,8.030931899,36.13833933,1
06/07/2023,54.73237625,25.08756303,48.64064271,0,27.68147001,9.988090582,39.86124905,9
07/07/2023,49.27171087,28.87683425,66.00021506,1,15.10841992,11.56800556,32.34676726,3
08/07/2023,41.53206282,32.7502605,63.5613337,0,20.285015,9.62347733,37.00505894,3
09/07/2023,34.85152775,25.15827773,78.82829905,0,14.8259695,12.38622589,25.65621162,0
10/07/2023,45.53485048,30.52687753,46.02813472,0,17.21722049,12.04303079,26.1339584,9
11/07/2023,58.56398794,23.32987253,76.93258999,1,16.32749207,11.83782971,13.56515876,7
12/07/2023,52.14093744,26.99316178,100.3646443,1,24.95833603,9.080686455,37.11687284,0
13/07/2023,37.54261221,31.59890967,49.55238993,1,18.41508129,7.840315104,39.24194388,7
14/07/2023,51.73180926,22.03503133,72.84559251,1,24.27351733,8.772824789,26.68093653,6
15/07/2023,53.8531738,32.20237369,60.07026733,0,22.41648356,10.39248188,28.47628976,8
16/07/2023,41.16142564,29.90181101,76.38830809,1,29.21455501,11.09157343,25.47682732,7
17/07/2023,51.53725106,32.76244977,70.28721666,1,14.08222311,5.65685719,32.29592131,4
18/07/2023,50.58208718,31.11957067,60.37769636,1,25.03693296,9.983773597,36.74959527,7
19/07/2023,38.57029702,36.82070215,77.31808427,0,24.58576348,10.31617845,19.54336816,10
20/07/2023,53.5778736,30.62612251,97.06522165,0,16.10648465,9.444911487,32.45663118,9
21/07/2023,55.60784526,27.85297229,67.13644312,1,24.02853335,12.58254768,28.33996937,2
22/07/2023,60.83051243,30.61148752,80.79636913,1,21.34457985,10.84356015,30.68036635,9
23/07/2023,60.53802052,32.71649015,50.60090563,1,19.09009496,12.62038382,32.75396401,6
24/07/2023,36.22330632,30.24430035,55.65345435,1,16.70425805,9.568078959,28.87078537,3
25/07/2023,40.6217496,30.20295846,77.08609417,0,17.12356219,11.87495499,29.37847888,4
26/07/2023,55.15035267,26.49004156,92.26174043,1,28.19924838,13.27013279,28.71674899,8
27/07/2023,55.13785951,26.68549541,75.33420023,1,20.00273128,12.6233869,35.82189721,6
28/07/2023,55.15047686,22.98697364,65.30412954,1,23.12852001,7.815716813,32.51255976,3
29/07/2023,88.52731491,38.74788372,69.98937108,0,16.83640247,9.492647845,31.32350123,5
30/07/2023,55.70890511,23.78068382,51.24388399,0,16.88058822,9.309670589,22.37428967,9
31/07/2023,61.3556564,26.53547401,79.0677299,1,24.32793924,10.97850907,27.72852154,10
01/08/2023,59.54001763,26.40796367,83.23499593,1,14.60169515,11.37270711,35.39201496,6
02/08/2023,56.51391251,34.47462188,63.21864501,1,18.33914493,8.322214652,30.22617944,9
03/08/2023,46.84730755,28.52525161,62.94936778,1,20.13610964,10.13567703,33.95718882,8
04/08/2023,57.5896922,36.23871036,73.98817344,1,20.44549041,5.960145336,40.5990708,3
05/08/2023,42.27174785,26.63254688,63.44920396,0,19.28362686,12.88389001,36.23163642,9
06/08/2023,47.63181393,31.39497081,69.00801078,0,21.58327912,8.975251519,30.55895003,2
07/08/2023,45.14636452,25.82326473,101.4958268,0,22.77142302,10.11172788,26.93406498,7
08/08/2023,50.81874139,40.72574564,66.29461449,1,22.93855018,9.380700572,14.67870242,0
09/08/2023,73.14658567,24.0620079,64.62489772,0,16.05678477,12.29205515,28.98969047,8
10/08/2023,31.32734807,31.54910355,60.28687292,0,18.86337961,4.324987117,28.04392503,0
11/08/2023,56.8626019,33.1688844,81.16287957,0,24.77905145,9.966779315,32.34219717,1
12/08/2023,33.87284129,32.06899549,67.2816374,1,23.57858875,9.788362485,29.07656864,7
13/08/2023,45.28068134,29.07356171,60.25940443,1,14.50856219,9.092727225,28.07768964,8
14/08/2023,60.88950597,29.3508965,89.81956048,0,21.4059196,13.45245309,19.32360642,6
15/08/2023,50.64280019,30.21905736,91.29404507,1,12.087099,8.225341082,24.36019303,2
16/08/2023,39.22255222,29.26498999,60.99364651,0,20.18773961,11.54359235,32.85990624,6
17/08/2023,42.84696291,34.81939558,42.00190073,0,27.59106807,10.71250558,40.29544579,5
18/08/2023,56.79597749,41.05261501,85.11270535,0,16.20842913,12.52303851,29.4148477,1
19/08/2023,42.69633368,27.21254107,59.73055261,0,16.66270782,8.66562183,31.96686644,2
20/08/2023,52.1645859,23.1509851,81.85938399,1,23.05611913,8.534062202,35.71486894,10
21/08/2023,50.4557184,29.55858976,40.44844273,1,13.82879394,12.19213981,25.13463638,9
22/08/2023,43.48399652,42.89854669,83.38896007,1,17.46897988,10.85064262,32.20088426,9
23/08/2023,71.43944089,25.98162716,51.83242106,1,22.38576455,6.910125307,25.55705936,4
24/08/2023,56.33919022,38.19558403,80.96146179,0,17.46285661,8.921389971,35.18894663,9
25/08/2023,29.74857413,38.38850407,70.21409602,1,19.05612005,10.77276531,30.90841829,3
26/08/2023,51.86454315,27.23205879,55.69090871,0,22.97674284,11.67552844,31.79071088,1
27/08/2023,43.38213535,32.8449154,63.89445531,1,21.68618433,8.641538694,25.30440842,3
28/08/2023,58.52433335,38.14198312,80.29477685,1,21.06727359,4.17148802,34.24219416,7
29/08/2023,42.07479262,28.1043613,71.5884168,1,18.64351088,11.04644637,42.50827753,4
30/08/2023,48.85263559,28.9820982,78.76619471,0,21.48024446,7.55935862,23.95252983,4
31/08/2023,55.04987279,27.09159543,99.64660877,0,19.50506928,5.965322404,27.96144595,9
01/09/2023,58.65755194,24.92621635,46.53637582,0,21.83122244,4.33534815,31.38964485,2
02/09/2023,37.99703593,26.75361227,94.25818862,0,18.0122719,11.62796172,34.71843727,7
03/09/2023,46.65498764,23.88029867,71.56533906,1,19.2697241,10.2572349,26.64272229,5
04/09/2023,45.25054689,30.17041734,56.51823928,0,16.04016883,9.548687239,13.00181826,1
05/09/2023,43.46670767,26.15013384,50.04529561,0,19.85996956,12.77804873,38.15513696,1
06/09/2023,67.6545424,31.16892956,67.16319414,1,16.75599655,11.27464937,34.56303672,8
07/09/2023,54.04981711,22.22052177,83.82475168,1,15.5438142,13.23260009,19.54231482,6
08/09/2023,37.39116046,31.65440116,68.08676319,0,21.03464459,7.214529056,26.35458725,9
09/09/2023,59.17861947,34.16764481,92.66732395,1,20.8509591,9.930898752,39.40909458,8
10/09/2023,71.22156197,20.03132179,48.23236465,0,23.13149494,6.76657325,38.68677851,5
11/09/2023,60.32465261,31.87028285,69.81866578,1,18.27549772,9.541235336,35.63184014,4
12/09/2023,34.80630034,36.13834496,51.21409833,0,21.63221139,9.502768292,28.9433254,0
13/09/2023,45.15765927,23.95179491,75.45447824,0,22.20319029,11.25322727,30.49792451,5
14/09/2023,62.66911149,38.36286193,83.30331085,0,21.77909523,10.09112776,29.21444517,5
15/09/2023,42.92330534,32.09509505,63.68857309,0,16.69738527,11.24681428,36.7694387,2
16/09/2023,54.43819428,26.47494072,30.93679215,0,20.59745393,11.40688027,24.74494556,2
17/09/2023,57.74634053,29.72115461,72.9842222,1,21.45656118,14.30985735,25.16520207,2
18/09/2023,40.73069528,32.79163456,76.55107828,0,20.02871387,9.369406689,36.06164752,2
19/09/2023,49.40474644,30.38002696,76.06442132,0,11.65408937,8.117954599,29.73383127,6
20/09/2023,17.5873266,32.69377996,88.53673288,0,20.6419585,10.49216723,38.27080413,9
21/09/2023,39.75612359,25.39663203,53.93419481,0,28.85012416,8.395439946,25.97092676,10
22/09/2023,47.47431849,30.84680412,80.20324158,0,18.55984292,12.96392154,29.67132984,1
23/09/2023,37.52216818,22.93142752,87.88761269,1,17.08769161,9.433563922,24.46552209,9
24/09/2023,66.32411304,29.44386969,43.32118624,1,21.49339424,8.868847264,30.04417609,9
25/09/2023,35.69858622,25.48046179,74.79477739,0,21.24951284,9.057368558,21.12871838,1
26/09/2023,45.59955513,26.32235029,62.43730253,1,24.77094066,11.43683485,27.07419947,2
27/09/2023,51.30740577,36.18046588,68.7771599,0,14.96852738,9.684506034,21.38247681,9
28/09/2023,64.41273289,35.4565506,75.21514725,1,22.92552101,8.71666636,34.1635394,6
29/09/2023,35.64137849,33.0456906,62.69157154,1,22.36168825,13.33070384,34.29953604,2
30/09/2023,61.63163752,24.53843618,59.86437881,0,19.43141385,8.287660319,19.61842362,6
01/10/2023,50.10233061,28.41795775,70.51228626,1,21.35474927,10.07113215,38.00331447,8
02/10/2023,40.18491349,36.0654885,53.69131092,1,24.11782993,11.3046123,44.98449076,10
03/10/2023,54.62103474,30.70858457,53.71262307,0,23.48926152,6.737329779,30.27603832,9
04/10/2023,51.99059696,41.5966477,80.19059924,0,15.42792275,10.960521,26.15331444,10
05/10/2023,43.99783123,31.9665892,52.76808947,1,23.28063275,7.889784649,46.94598355,3
06/10/2023,50.69802085,30.96024558,79.99468751,1,19.74124558,11.64556556,22.08618901,6
07/10/2023,46.14686403,28.45441768,76.93886939,1,20.29149639,8.074697976,30.1206388,8
08/10/2023,51.13517345,30.66770452,44.11289907,0,20.29278796,11.38553806,31.07773364,7
09/10/2023,56.62130675,29.23765082,59.83653021,1,19.39902804,12.21166613,38.07088572,7
10/10/2023,65.86016816,33.54054338,87.91164105,1,24.76682999,11.72287305,32.15843385,8
11/10/2023,37.62184501,34.78351158,55.28251703,1,19.66512816,10.5026333,27.00819663,4
12/10/2023,71.33033375,26.0700527,63.03393607,0,15.52181549,9.537398114,24.29289378,4
13/10/2023,30.479122,23.34383523,76.9309134,0,18.42588058,8.847160847,27.94906908,2
14/10/2023,48.48214905,20.81897313,81.75085764,0,20.71477887,12.94206938,23.95843583,4
15/10/2023,55.88317206,32.53995663,66.22691671,0,24.91685914,8.60100956,30.28695192,7
16/10/2023,52.80991868,24.48316697,61.03734708,1,22.41237874,7.925867853,26.61482292,4
17/10/2023,43.7730048,19.23554704,91.33554793,0,16.59785889,11.33073787,21.03577324,3
18/10/2023,47.9187775,31.94289302,96.08349496,1,29.94075967,8.407726394,37.53087473,7
19/10/2023,45.06999065,42.46499759,84.68287076,1,21.05910124,8.099873005,27.01396486,6
20/10/2023,44.10635243,29.96964544,71.27977214,1,25.10156295,7.112791476,22.39117917,5
21/10/2023,58.49602097,34.19245387,57.87601418,1,19.39314227,9.034180321,28.99044519,4
22/10/2023,53.57015486,30.40914679,57.5433339,0,22.13343698,9.834569952,30.4102294,4
23/10/2023,43.07090405,29.50555173,77.83771158,0,23.35787402,10.48618346,19.52119965,9
24/10/2023,58.99599875,34.59538241,76.27597331,0,24.87277885,11.90261249,31.989886,1
25/10/2023,53.07299521,28.54862728,91.02397889,0,24.22947322,11.05379585,23.71705459,3
26/10/2023,58.12862119,31.33696157,79.75675139,0,23.488788,9.618255561,40.26617286,7
27/10/2023,56.29628842,31.60848903,47.45379547,1,18.73965308,9.603608647,33.14376307,7
28/10/2023,41.71004989,26.65954773,85.77921427,0,17.71301583,11.02031494,27.60060006,10
29/10/2023,44.3981896,34.96021175,55.02909059,0,21.33043004,12.54514033,25.52899338,0
30/10/2023,57.47293605,29.12520122,64.24043092,0,23.73251229,10.2526284,29.37019375,1
31/10/2023,56.10370265,26.2212742,73.75300309,0,19.1091172,9.061738292,33.67674445,4
01/11/2023,49.79098406,32.68254922,99.93501235,1,24.26068786,8.014267998,29.84703523,8
02/11/2023,51.17327383,25.50766009,116.6487783,1,25.81046698,7.109589471,28.69704716,9
03/11/2023,62.77664896,30.14090579,79.10084589,1,16.33471632,11.33253934,30.35022174,10
04/11/2023,44.08428611,29.95440502,67.25205072,1,16.65231718,11.15595705,26.37684641,10
05/11/2023,55.47097381,35.42947783,78.01758473,1,19.43849976,11.15472705,27.94076444,6
06/11/2023,47.97807348,32.37349116,83.31483139,0,21.23045067,9.742681107,17.48524537,9
07/11/2023,47.82318797,29.87486521,65.18998562,1,17.90173194,12.81386949,35.84235739,4
08/11/2023,60.98776852,34.0888315,96.92817034,1,25.40881072,9.031763011,31.79278668,0
09/11/2023,58.25416349,36.95103775,73.45106139,1,21.69626745,11.91053847,25.35926494,5
10/11/2023,58.13509636,32.78905153,77.46614634,0,20.15778819,9.92251421,41.39240989,7
11/11/2023,63.05478807,30.0517631,79.98886378,0,14.2563619,8.783298471,30.52209888,6
12/11/2023,50.21003842,23.44081884,76.32379916,1,14.73673673,11.18506061,23.78313857,1
13/11/2023,56.81952971,24.67443168,82.58410751,0,21.124037,10.81927224,35.14042453,4
14/11/2023,46.89733243,28.47387648,60.7412022,0,11.4696175,10.71394552,32.3882893,10
15/11/2023,53.24166352,26.95243899,61.62547369,1,24.05054964,10.16255684,32.36747991,3
16/11/2023,48.69856946,29.06514349,53.49768651,0,19.36738462,9.924213837,27.44546637,8
17/11/2023,50.96995965,30.28324962,76.59251846,0,32.97237188,14.77674399,32.70297434,9
18/11/2023,55.95157025,32.64846377,81.68404755,0,29.231665,12.36851329,28.42945026,0
19/11/2023,41.81779317,29.64750611,76.86659299,1,19.27420372,11.44565379,33.33564871,5
20/11/2023,70.92387276,32.43250822,95.1173865,1,19.57465199,10.22359832,18.57033328,2
21/11/2023,39.93982619,30.32237207,69.91605972,1,23.98232606,12.0143144,27.39675922,10
22/11/2023,37.85811387,20.12266717,80.03112483,0,26.81269044,11.03598955,40.33293059,8
23/11/2023,61.58110874,25.30332303,53.62448686,1,13.44788377,10.05240951,25.39759527,4
24/11/2023,57.91662694,29.27956222,64.19350446,0,12.85449814,9.392871349,26.37697022,5
25/11/2023,56.24119817,23.95152629,80.43306636,0,17.51186078,9.838165325,27.31223197,10
26/11/2023,56.28345509,32.99964365,82.73653166,0,22.33095033,3.659148528,22.71116318,8
27/11/2023,49.87753227,37.65375416,65.59049579,1,21.98749436,10.42120168,16.75031534,8
28/11/2023,41.02745629,36.09380926,68.92601122,1,24.27908582,9.02304784,28.61648161,7
29/11/2023,50.75804558,28.93278565,47.2318938,1,15.20120989,13.18534,30.81515654,8
30/11/2023,43.22838288,37.45363068,64.64456199,1,10.73542455,10.03868814,29.68496959,3
01/12/2023,59.75119733,30.74333729,83.35574745,0,23.43205678,7.622073161,29.13072863,5
02/12/2023,48.52942618,28.31457014,78.62807524,1,16.68721491,9.900239692,30.25824523,4
03/12/2023,41.74502803,26.93298668,77.50998582,0,11.92604854,7.90775783,36.13704883,4
04/12/2023,46.78614158,28.48765157,70.74660531,1,20.58025498,10.94681483,28.85732288,3
05/12/2023,54.12931454,28.05911591,70.10594738,1,23.17270275,10.58189473,26.55550454,1
06/12/2023,44.36275447,30.85208111,60.09518291,1,19.51177147,11.91567926,28.31324709,5
07/12/2023,41.77779604,30.80286991,80.4824263,0,18.16860646,8.418236417,33.47608056,8
08/12/2023,52.43687211,30.0152301,76.31459417,0,19.36255107,10.06801619,38.47216127,0
09/12/2023,52.44966571,32.18469085,77.38028272,0,18.51766895,7.269956409,26.23113756,6
10/12/2023,44.93056825,35.95323137,62.10947736,0,14.60781155,11.40298956,30.59360272,5
11/12/2023,45.28961694,34.74777068,37.6998562,0,17.14127729,11.03774236,32.03014465,2
12/12/2023,52.32049937,22.57551016,86.45729068,1,22.08511962,10.99161004,24.04453196,0
13/12/2023,35.51915659,17.23039433,62.81743816,0,21.28671417,10.00323806,30.122503,3
14/12/2023,35.92536226,34.67159956,57.05836354,0,20.67223922,10.82954578,21.20595686,8
15/12/2023,42.81555779,23.16560651,80.40218368,0,16.01940607,13.20867822,19.38569818,1
16/12/2023,47.86552848,28.87617299,64.1198104,0,19.27398735,9.429811486,32.20047845,2
17/12/2023,53.10907566,24.14943487,85.89904576,1,11.29173981,10.27729037,27.69675155,1
18/12/2023,64.75356217,20.99009781,79.25508924,0,20.71390666,7.827747402,31.21368245,1
19/12/2023,58.57659623,32.70731364,80.25353985,1,25.71543083,8.263478077,29.89263014,9
20/12/2023,48.4006147,33.7957758,49.51066433,1,14.10347147,10.19562659,24.14159971,10
21/12/2023,49.80983792,27.117448,88.17915978,1,17.65628931,12.20786709,29.72847419,10
22/12/2023,39.97470635,17.04478854,73.91875797,0,21.31642711,9.487438351,22.60139217,7
23/12/2023,49.81486864,27.26877776,64.46084291,1,25.01137054,9.528166941,38.34583415,2
24/12/2023,47.11341361,31.95902003,72.15082701,0,18.20710153,9.186229511,21.86417793,6
25/12/2023,53.2271856,22.60544216,43.35647151,0,17.23099868,8.930486658,28.82528837,7
26/12/2023,41.72769056,30.9167996,76.12979217,0,12.12430743,10.58994291,23.74637047,2
27/12/2023,55.19346514,29.92345075,54.55942738,0,20.41375252,7.00548471,33.42252704,1
28/12/2023,65.32738913,32.8964575,49.70994571,0,28.16830416,12.56187915,28.01141177,7
29/12/2023,48.91239852,30.59790184,47.16461221,1,21.10943385,8.669155404,26.88799968,2
30/12/2023,54.01711722,25.1346553,86.69032562,1,19.91088408,11.44380697,35.11920927,6
31/12/2023,56.90143992,35.98285751,60.56104909,0,21.28832924,7.460002805,30.17658355,0
01/01/2024,45.98779528,29.20735213,93.00591565,1,19.95563198,11.33768026,33.09986668,5
02/01/2024,52.24092482,29.8634773,61.96297805,0,16.74794251,11.34388922,24.11204438,8
03/01/2024,50.12592401,25.3336602,44.38963064,1,23.29311966,10.76840414,21.57109834,2
04/01/2024,50.97676099,27.78358874,53.2521334,1,20.90304609,8.011142956,30.64324777,6
05/01/2024,42.26990216,25.57598643,88.5371743,1,20.07045301,10.49909638,28.08692187,5
06/01/2024,50.24510174,29.1352697,67.66152733,1,16.09853589,7.633887631,33.75860803,7
07/01/2024,54.97998291,38.5585424,61.77569055,1,25.21403173,9.49447349,29.52054928,2
08/01/2024,64.51143608,23.14049429,72.40027339,0,22.65881098,12.0588262,31.23045204,2
09/01/2024,59.59270826,21.93219301,77.52674104,0,17.78831665,11.59340385,20.25970482,3
10/01/2024,71.53182458,37.35585164,86.76098224,1,24.00729941,10.03036589,41.33062164,2
11/01/2024,42.32652437,28.95338161,91.72748845,0,18.00971665,8.050386848,29.01454809,8
12/01/2024,58.72320637,26.65463631,64.60347031,1,16.87198603,11.29117542,34.18552182,10
13/01/2024,51.83342006,35.19952344,50.10928471,0,16.96118753,10.03876248,24.98344998,3
14/01/2024,71.89802933,26.9719223,63.79802258,1,12.91572579,5.359368804,31.84805941,5
15/01/2024,41.91701715,39.13004857,73.9042076,1,21.88616952,11.56525965,22.18293142,7
16/01/2024,41.60278158,33.38962936,55.54361611,1,12.67542049,9.951534332,32.71240703,10
17/01/2024,44.00607355,27.56044296,55.64273628,0,15.08622467,12.4049025,27.86415549,7
18/01/2024,28.76104276,40.78654107,75.15681822,0,11.69764796,7.809458962,30.17514302,4
19/01/2024,44.74244978,26.97142538,69.27021473,1,19.65572123,3.646592374,34.18784418,4
20/01/2024,42.40867338,33.71047686,70.49195493,1,19.39871816,10.55816772,22.60475813,5
21/01/2024,51.50393786,31.4964629,58.62256998,0,18.69321515,10.58312735,25.89304962,9
22/01/2024,53.41755976,36.50870645,66.54398929,0,15.82968922,6.618656745,32.74394569,6
23/01/2024,68.76170839,37.80755598,56.13650284,0,15.31106499,8.043000908,42.58932885,9
24/01/2024,59.50423838,30.16002075,83.35297617,0,21.85747945,15.51043549,29.17150599,6
25/01/2024,44.23096344,26.23291065,85.52874002,0,17.79779227,9.388778772,33.54681671,3
26/01/2024,41.01585329,32.29986071,42.30718207,1,21.26543329,11.46191795,29.35817118,5
27/01/2024,54.91919172,26.61142315,56.0573371,0,16.45900526,8.698680345,41.65347357,6
28/01/2024,36.79766793,40.06693624,47.55206117,1,20.72425097,5.819394202,19.51667,4
29/01/2024,68.31458766,30.68267666,60.24964098,1,25.21311215,9.659483506,30.56772627,4
30/01/2024,61.79440121,28.17339224,68.74843045,0,22.3446632,9.468790879,20.2467358,1
31/01/2024,45.30824348,30.92340153,48.2553217,0,18.35034473,9.200243523,14.96057058,6
01/02/2024,32.86865471,23.26436855,56.1721028,1,21.02879588,9.770718329,31.78477232,5
02/02/2024,63.53872374,25.14192981,54.94063942,0,19.0373393,10.52853654,30.83698678,10
03/02/2024,48.85460155,36.00206954,73.10900994,1,20.03152074,9.699766097,28.29097837,0
04/02/2024,62.37816312,26.71552861,71.04016506,0,18.69755579,7.471987664,29.36283546,3
05/02/2024,34.05572341,24.76544509,59.1739367,0,19.34265918,10.97236958,48.5897966,2
06/02/2024,44.00624977,32.68326376,72.65231308,0,20.84837341,6.101256489,28.45094917,2
07/02/2024,50.052437,35.92852077,61.79979873,1,16.0265652,5.899285085,33.06074617,6
08/02/2024,50.46980594,33.59476655,65.92517335,0,15.93648469,11.47836099,26.10381108,10
09/02/2024,45.49934529,34.98023843,95.10178135,1,14.44582978,11.01404054,31.77139545,9
10/02/2024,56.22849932,26.21602456,90.10691578,0,13.59891558,9.88520927,28.57059795,3
11/02/2024,39.32379571,22.89094667,50.50628145,1,15.13086923,7.20910299,27.5368891,7
12/02/2024,48.57620515,37.50666826,82.44598627,0,20.63785003,8.584178119,40.91339119,10
13/02/2024,51.20295632,28.38660081,82.17094832,1,16.42884994,9.474506505,37.06310978,8
14/02/2024,55.14438834,28.74583492,52.77605067,1,22.05445786,6.808212063,30.82047988,2
15/02/2024,57.11614878,36.64097071,82.28166466,1,20.138855,8.521942684,16.17472838,4
16/02/2024,38.75357908,32.78115005,93.06897878,1,12.12598315,11.30466068,27.83394466,3
17/02/2024,34.65885829,32.27943886,53.16182791,1,22.61990234,12.85461073,46.21816539,9
18/02/2024,62.77676822,40.82501172,56.23745768,1,23.24319458,9.161130495,28.61603,5
19/02/2024,53.32314012,26.78240885,85.264922,0,16.0245493,11.51297671,36.61930543,10
20/02/2024,42.51513463,34.63920064,74.07242966,1,21.68076617,6.171879859,38.65165441,9
21/02/2024,65.51151976,30.28506562,78.27214413,1,16.57400705,11.31890248,31.3137835,3
22/02/2024,51.15674634,31.34296139,75.10883825,1,20.39068151,8.392103171,24.94907021,7
23/02/2024,61.79297184,37.64234213,75.86043881,0,14.94200637,10.61469123,15.38812601,2
24/02/2024,50.67518481,32.53917878,50.10291808,0,12.82757419,9.504495164,34.10497925,10
25/02/2024,70.60747925,32.6914804,85.7097656,0,18.46873124,12.64082802,25.11146398,4
26/02/2024,67.55340842,35.36253669,87.54384989,1,19.50508421,8.251128703,31.05690271,0
27/02/2024,47.51035852,28.17523635,66.55913884,0,18.40928123,11.2552126,22.50107796,5
28/02/2024,59.71570951,25.80395166,69.34784575,0,15.26387777,9.440985073,28.40857476,10
29/02/2024,56.4537595,24.77595403,47.03338746,1,18.40040375,9.683389044,30.20231433,4
01/03/2024,63.68631558,20.16821705,77.71382134,1,21.07717901,9.632292214,31.61156149,7
02/03/2024,40.35076539,40.28103565,78.58086163,0,19.82042788,8.308653791,23.31106688,8
03/03/2024,56.8605146,24.48395817,69.06713475,1,20.73000412,9.971802068,37.18146569,7
04/03/2024,60.58424487,28.89373188,86.8653004,1,17.3195392,9.874703556,26.41863129,7
05/03/2024,32.41260514,28.6159335,64.98884154,1,24.68687166,10.4824805,19.95318324,2
06/03/2024,38.16741487,31.53703349,78.46908889,1,15.29530665,10.16901029,29.34585948,3
07/03/2024,29.60767822,34.07868606,54.70503492,0,21.95024119,11.5959891,30.20625185,10
08/03/2024,47.30593166,34.30236744,69.64671774,1,24.72756437,11.84701723,30.9635366,3
09/03/2024,57.17542256,27.08461281,67.38468613,0,21.92363237,7.898753356,38.17279442,10
10/03/2024,65.02357052,29.16439143,73.37961883,0,19.18990309,11.737545,28.58130698,4
11/03/2024,50.7409478,31.41289975,64.45709607,0,17.88681181,7.627327146,29.28228225,8
12/03/2024,66.28615546,28.75654437,68.02791106,0,24.1443506,11.17571178,23.38089371,8
13/03/2024,36.19898542,38.03672788,82.39070757,1,14.3081003,11.23947757,34.92332102,9
14/03/2024,32.96617561,32.45487476,63.44853644,1,16.11950296,6.177366217,31.10585438,0
15/03/2024,49.44452301,33.67438893,45.90134349,1,18.40976894,10.18595849,27.47983364,7
16/03/2024,53.84065449,33.31440634,96.24375856,0,24.95061503,9.063007773,18.57195184,0
17/03/2024,49.67305252,35.86736929,90.72181118,0,21.51907054,8.482469484,38.66647317,1
18/03/2024,29.325579,30.90510779,50.61605957,0,16.12781697,12.70170466,22.63392021,6
19/03/2024,49.1087996,23.51584026,80.34561708,1,18.75876918,8.692641719,26.45233194,7
20/03/2024,36.95530499,31.99843976,62.45537844,0,17.54270742,8.387246142,32.15006707,0
21/03/2024,56.69672549,26.74321553,73.95230823,1,17.16084403,10.15138988,22.82065243,2
22/03/2024,53.66598246,27.35691659,74.41336194,1,23.91555823,11.37117949,21.03894133,6
23/03/2024,40.60120214,32.93182009,66.483883,1,14.51302748,9.716702828,17.2563145,8
24/03/2024,44.86133083,36.19141536,58.24351502,1,26.43512342,12.33274109,34.32598172,7
25/03/2024,39.40786478,30.10635788,59.64188422,0,23.31291876,11.06195132,26.72888253,7
26/03/2024,49.37320903,31.54416506,56.25712127,1,24.36344668,5.643577361,47.56362055,8
27/03/2024,59.55142321,38.51107472,57.52266688,0,18.14824195,8.941066073,24.03386961,9
28/03/2024,40.14273954,31.2037659,68.99232565,1,19.40023712,8.876315801,24.47129386,2
29/03/2024,55.04046516,43.00841557,59.26360016,0,14.26739274,10.95872191,26.60764218,7
30/03/2024,44.69742382,32.82754823,80.23078099,0,17.90135037,4.750365887,31.45880793,0
31/03/2024,42.07127168,21.1961862,92.30869233,1,21.97461939,15.09801942,27.17877997,7
01/04/2024,48.9296964,33.76670811,61.29920138,1,25.18425225,11.06205219,33.67399328,6
02/04/2024,39.64757678,31.90579192,73.59106751,1,15.57137273,10.29775361,24.12846966,7
03/04/2024,44.46350695,36.44876377,77.49527665,0,18.53797625,12.36313543,21.71044969,0
04/04/2024,38.02122107,33.36590676,77.08003406,1,19.39480312,14.68730811,19.21071156,5
05/04/2024,69.64725133,29.30772008,71.13932902,1,14.41684319,11.74149329,16.65855499,6
06/04/2024,50.35263552,23.87850882,81.14023628,0,22.36539697,11.89762619,26.89158588,10
07/04/2024,43.00274492,28.95488371,77.23373429,1,17.10403867,10.26138005,28.19411813,4
08/04/2024,52.13979911,25.74739773,51.43506367,0,19.2184386,9.716948493,26.21137784,4
09/04/2024,48.8767195,27.09738275,83.03734097,1,18.19220251,9.048409112,37.46043478,6
10/04/2024,47.790304,32.94289202,83.30936256,0,16.84264598,8.347776017,37.36818126,10
11/04/2024,56.141667,38.34952252,58.55070844,0,19.97182006,8.625971801,27.99118208,2
12/04/2024,57.5750771,31.97335765,70.56906753,1,19.13756169,7.298888071,19.23647332,5
13/04/2024,44.69498852,24.02058469,80.24993489,0,18.51256847,9.848257099,26.59976935,6
14/04/2024,44.24181759,32.22301334,66.86029271,1,17.08615351,6.630664846,26.40107164,0
15/04/2024,47.24948303,35.98315743,86.09467072,1,21.27809868,10.38183305,26.05719023,1
16/04/2024,26.98078835,26.95108548,105.4580874,0,26.61446907,9.927338784,25.81368658,3
17/04/2024,34.84808938,29.32991417,58.21020951,1,20.55954893,10.2938706,26.07922263,7
18/04/2024,63.66874267,30.07344097,49.28433095,0,23.98447286,8.95573686,27.6807503,10
19/04/2024,66.44967714,26.07550843,74.55727893,0,14.4391123,16.15372074,26.18675341,9
20/04/2024,47.5096396,33.24140217,80.82343758,0,20.63104576,12.7202318,31.24993505,5
21/04/2024,55.76556963,29.39525926,66.53700439,0,15.61052672,7.510915,32.1622123,0
22/04/2024,53.11250155,32.09766222,91.79890995,0,14.09230029,10.46573617,24.53612948,9
23/04/2024,80.78880808,25.56253911,49.920913,0,17.04251437,8.783987714,37.62639196,4
24/04/2024,61.19574911,27.8127085,80.39377935,0,24.76759734,7.971040547,24.11962619,6
25/04/2024,48.72082409,33.61190679,60.91208769,0,23.80006331,7.319855858,20.29319632,5
26/04/2024,40.44459559,28.13583424,95.79066859,1,20.97201889,10.86443338,32.28466843,8
27/04/2024,33.9355368,38.63481926,99.8877303,1,13.86919776,8.63723953,25.09555119,7
28/04/2024,52.03463636,28.00181907,58.50015118,0,19.21487739,11.93565205,31.92774882,3
29/04/2024,42.43649255,31.12342363,61.75664296,1,21.20680004,11.98756443,15.57798839,10
30/04/2024,35.7774629,34.66295416,82.8938183,1,20.70214492,12.74782877,38.35473565,4
01/05/2024,43.53427116,22.90817134,64.19304025,1,12.62482567,8.295226468,34.03376045,6
02/05/2024,39.18451996,21.19595594,69.31883173,1,16.43872861,10.95073122,20.99714071,7
03/05/2024,66.87141635,22.37171843,70.38082631,1,19.74368894,11.26490843,21.12733726,4
04/05/2024,58.81639757,36.31292052,41.20490266,1,22.14516364,9.05164365,40.03359542,8
05/05/2024,49.92027359,27.24070927,69.79243381,0,11.21548872,8.456456085,25.57572058,9
06/05/2024,64.79944139,42.79099643,59.65408339,1,19.3515041,13.21904133,24.99489091,3
07/05/2024,50.77368308,27.17876201,62.60315766,1,20.57219508,10.45499175,16.40368744,3
08/05/2024,41.38715799,30.92275652,91.65448005,1,23.39844795,11.2719355,27.89533077,7
09/05/2024,65.23124077,37.71054976,51.15239659,1,22.77143034,8.355847976,28.63368231,0
10/05/2024,55.38910044,40.03046444,82.1980778,0,22.33028528,7.561431067,34.29295858,7
11/05/2024,39.62753846,40.30751788,65.81555605,0,16.80023797,8.861100451,21.60552943,4
12/05/2024,48.09661322,36.04183115,65.80359747,0,12.36799145,9.751957225,20.87827925,10
13/05/2024,41.24381747,35.12031263,81.85557844,0,18.42778897,7.871559986,32.70577581,0
14/05/2024,36.17200269,32.96263475,75.10076942,1,24.0065273,9.980310383,36.04038043,3
15/05/2024,59.26177548,33.89180538,78.55919496,0,25.57381811,6.622989624,20.57308589,1
16/05/2024,69.0941664,27.24407142,84.52276991,0,22.84219641,7.759905155,36.48908452,3
17/05/2024,36.01432426,25.90900558,65.03037425,0,21.71736329,11.3418225,30.22525105,7
18/05/2024,55.62969237,29.98312771,60.81644898,0,21.51855859,11.20758104,36.55083203,4
19/05/2024,43.49357431,29.14907689,53.7227421,1,17.77552501,9.216246469,29.57867783,0
20/05/2024,45.12874616,27.73385975,57.61884205,0,19.47975883,7.964471382,14.8663325,6
21/05/2024,44.07606076,33.48193724,114.2364164,1,26.6762781,7.945192897,29.08819571,0
22/05/2024,41.3600923,34.77652604,88.67019371,0,16.22976798,9.253463508,36.36086291,8
23/05/2024,50.48521628,30.44203443,49.73388451,1,26.45911516,11.28903698,24.63752389,2
24/05/2024,41.69049884,37.38765041,50.16313065,1,18.71188738,11.85649138,27.67221019,2
25/05/2024,52.70456826,24.29155443,77.22799093,0,25.30172844,9.006936529,28.94319898,5
26/05/2024,49.49761891,29.0317027,78.20897196,0,14.37273996,7.693015148,12.60291672,9
27/05/2024,47.61051953,26.4158884,78.23325753,0,22.3436168,10.53568728,40.02808545,5
28/05/2024,40.92436338,20.66731691,66.1756631,0,17.05291946,8.352930059,24.59174592,10
29/05/2024,44.23228669,29.58659657,68.1181861,1,14.33893123,8.963494722,33.03441259,10
30/05/2024,57.55391226,29.39126246,74.91819286,1,20.87413617,12.65055218,29.47979318,5
31/05/2024,55.00917188,37.56724872,71.28839509,0,24.03788715,11.65423086,37.54571434,0
01/06/2024,40.22444755,33.15405842,36.71049441,0,16.62023425,10.31594862,32.43633673,4
02/06/2024,50.99332305,24.87906588,66.55300554,1,14.00393616,7.456161998,28.59045437,5
03/06/2024,57.51387123,39.27046283,57.22890349,0,19.63262094,10.42279313,24.63890944,7
04/06/2024,33.30594719,36.10516848,72.62817128,1,19.65025868,12.12531458,34.78710421,0
05/06/2024,55.43360192,32.91048852,114.778885,0,22.19327851,9.248732668,18.75935218,4
06/06/2024,43.37376241,28.86757951,75.51222498,1,23.79837829,12.70222818,33.87534252,2
07/06/2024,55.70598669,25.20280382,65.29705471,1,19.76233927,12.58549058,23.40573149,1
08/06/2024,42.36740843,28.13896612,83.82702253,1,27.42201326,13.32746566,37.51370197,10
09/06/2024,31.95117899,35.4437431,77.24031831,1,20.89693898,10.61048625,30.96779726,7
10/06/2024,33.72457562,39.42293153,76.30141736,1,18.61429398,11.1747834,33.86474261,6
11/06/2024,50.48084947,37.71621764,79.1027589,0,13.55373056,12.82837458,30.49193288,9
12/06/2024,52.59722502,27.55575289,100.8481535,1,18.94936192,10.89478787,19.48573743,6
13/06/2024,40.95683375,24.40191283,53.03667347,0,18.65445222,8.997531784,24.83562502,4
14/06/2024,56.38592459,30.70443123,77.10448115,1,23.84121919,9.102914327,34.03433603,8
15/06/2024,33.38479938,21.15780317,56.10428305,1,21.8499345,10.47710991,30.9999349,4
16/06/2024,49.33920201,31.61583857,78.3326897,0,15.28252351,7.418877156,37.08593943,1
17/06/2024,37.889838,29.26198707,56.21970233,0,20.68901755,9.713482169,32.41964738,2
18/06/2024,43.48163892,27.66981749,63.7394978,0,22.68612469,12.19309424,24.19978866,3
19/06/2024,50.47398671,22.02648466,65.57365129,0,26.11212544,5.617492298,25.22361517,4
20/06/2024,41.39586635,32.56800053,84.63725079,1,23.55001587,13.0689642,30.61750434,2
21/06/2024,46.15444456,27.3364958,83.77681666,0,23.04338662,12.24474844,16.1157356,6
22/06/2024,60.06292809,24.15041582,51.31423935,1,20.24034398,9.080470768,40.04065131,4
23/06/2024,44.2310813,15.63868893,70.82401166,0,21.55324802,11.08678166,32.65048042,4
24/06/2024,58.35692112,29.86242547,59.35630218,0,24.9980196,10.00629545,37.36220758,5
25/06/2024,38.70293145,38.86125798,51.12242634,1,14.66889041,12.45998074,20.51637636,6
26/06/2024,55.29804178,38.30629607,66.74474424,1,18.60224269,11.96536629,37.46739096,9
27/06/2024,64.41568621,27.71451872,65.37275817,0,16.909725,7.199858554,43.38899347,9
28/06/2024,25.283555,26.9889397,106.4007473,1,21.51661247,11.17452483,22.07472987,7
29/06/2024,42.03104745,32.34387128,76.49439738,1,24.9208887,9.588744293,34.62841077,8
30/06/2024,55.77072127,25.0080728,49.33573749,1,17.61210285,10.16566514,30.00665967,10
01/07/2024,47.96954614,31.5089595,61.52838994,1,10.43878253,8.543656198,20.73339691,3
02/07/2024,53.71145873,33.83040139,85.32074943,1,18.35111702,13.49627414,32.95730383,4
03/07/2024,43.96014813,36.13466612,101.3266416,1,23.65389493,12.08012364,35.00161923,4
04/07/2024,50.86589787,29.49922962,46.21025032,1,22.15051961,8.520457672,26.39324068,7
05/07/2024,48.44322765,28.98163125,41.80113422,1,21.71274499,7.330778786,36.99549912,8
06/07/2024,61.67782062,25.61008707,98.06447763,0,18.88002679,9.228654738,19.99941956,6
07/07/2024,52.54420843,25.86559823,75.84421266,1,14.88387706,10.86900529,21.03146312,4
08/07/2024,53.37602662,28.86760554,56.97560902,0,22.06117729,10.48041169,30.81958437,2
09/07/2024,45.88123034,31.83682753,78.01943629,1,16.66287276,12.50626565,30.15231167,0
10/07/2024,45.12393776,34.56792313,30.46378391,1,28.73638693,11.57983944,25.70055907,10
11/07/2024,45.67441812,25.98410525,70.0506326,1,22.28202883,11.93913805,34.85756662,8
12/07/2024,53.94452142,37.46344284,74.91731759,1,17.67740679,10.6537108,33.18536589,4
13/07/2024,45.79015519,28.64438199,83.86405209,0,17.55445901,7.22140254,35.14883443,8
14/07/2024,52.89774857,29.89316353,54.79156072,0,19.62822317,9.608602938,29.26118139,9
15/07/2024,70.75400799,26.2639416,71.28530742,1,19.04199231,12.12017948,33.61548161,3
16/07/2024,58.71124703,17.8787987,56.11863061,0,24.4673351,9.896954143,27.32609818,4
17/07/2024,46.73976468,34.42022698,73.83075634,1,20.74566468,11.00618074,42.32291214,3
18/07/2024,62.01213922,33.68421949,56.56980516,1,17.07347304,9.36250337,25.12472538,1
19/07/2024,45.91924627,28.59336221,63.87848741,0,27.56176274,7.940376303,42.63178458,0
20/07/2024,29.61875465,30.33495359,55.06276908,0,20.19723333,9.753311872,30.20932768,7
21/07/2024,39.91913689,32.57969609,79.76704363,1,23.0753587,10.61809489,21.74693466,3
22/07/2024,31.29208079,22.18727072,82.87676675,1,17.56709397,8.688624561,38.2084761,4
23/07/2024,46.48486516,27.35473661,66.48069145,0,21.45246251,9.52857751,30.75540833,5
24/07/2024,50.18418379,33.9713234,70.57356992,1,21.24443996,8.121073516,35.10674459,7
25/07/2024,66.76437312,23.72855288,48.27112878,0,12.44140283,12.23848984,37.34313551,10
26/07/2024,53.26927374,31.46778966,65.50485028,1,28.06110044,9.411088485,32.02773332,7
27/07/2024,47.80899471,23.21709098,69.24693074,1,25.16257784,12.90551109,26.44655493,6
28/07/2024,58.29405581,32.33214991,109.3118964,0,18.41121874,13.0574957,35.85428027,3
29/07/2024,27.88864691,29.82179259,53.32049461,0,15.59092104,9.837908071,30.00453304,5
30/07/2024,52.35614558,21.92434092,91.96265858,0,21.39024646,7.983102535,34.11514691,3
31/07/2024,57.70865194,35.82369677,84.9528816,1,20.3467908,5.828204245,17.07761656,6
01/08/2024,35.21413754,26.32704212,74.20954607,1,21.42267579,7.055925854,32.6818903,10
02/08/2024,61.43754043,25.94873781,96.37930726,1,20.76630958,7.25233035,26.16848505,0
03/08/2024,53.38496407,31.00284599,75.58158209,1,22.02496396,12.75693925,39.91985782,4
04/08/2024,45.84712086,35.74318675,75.83738794,0,25.7892228,10.23164917,33.73852409,9
05/08/2024,56.32781866,24.92089091,69.2031902,1,22.27241282,10.77920905,31.43914648,9
06/08/2024,72.70692858,30.30839925,88.35353324,1,15.801378,5.559157982,32.91785996,3
07/08/2024,51.81866255,32.1440825,86.44703851,1,25.45025141,7.604067142,24.00935488,10
08/08/2024,52.48220586,33.46552804,60.61484069,0,26.56245825,11.77415955,39.73954014,6
09/08/2024,45.406391,30.88220778,50.21129208,1,32.60822694,10.57354822,41.94822251,8
10/08/2024,41.50155631,28.1648608,66.95529044,1,15.50602387,9.705589443,32.35748106,4
11/08/2024,58.30335817,25.8620489,57.99942153,0,20.97152805,11.12968472,39.54242141,3
12/08/2024,41.43916174,30.43071942,69.04713138,1,11.67160519,13.27159561,26.58511081,8
13/08/2024,50.71566237,24.63930494,88.56157202,1,22.21259663,9.557915073,25.2173186,4
14/08/2024,45.22342553,15.39324758,63.14047517,0,17.80719881,10.13873961,30.24554849,8
15/08/2024,54.78979826,32.18279902,69.35764928,1,27.69378318,10.38519384,32.60964623,7
16/08/2024,53.33662105,34.51967421,70.87034102,1,16.90154012,14.78421927,27.63607991,3
17/08/2024,60.37539944,18.18533782,82.72646323,1,13.24326785,5.801287471,33.22660914,10
18/08/2024,44.89983601,24.95134648,36.29665999,0,18.11494504,11.36644603,31.83833689,10
19/08/2024,47.30125065,33.09577131,60.89949558,1,12.09804892,9.770395502,24.01015935,6
20/08/2024,40.21236284,40.28747735,73.16925538,1,23.00439782,11.13354345,33.1127581,4
21/08/2024,45.5570674,30.10396854,88.00118435,0,11.73966781,8.685254892,35.18116946,9
22/08/2024,53.77300493,26.35998529,62.62146329,0,20.11383032,9.902069938,31.02881591,3
23/08/2024,57.56988617,29.08551779,41.85170941,1,11.68875272,11.42282116,36.91588862,4
24/08/2024,40.77834676,36.8743821,79.29567169,1,18.71880878,16.2258204,22.69557724,4
25/08/2024,58.6960592,26.7701791,60.46956417,1,26.57351262,11.61607238,32.80770253,10
26/08/2024,63.55637859,26.00403997,52.15500011,1,21.44259157,8.303868804,22.97831576,8
27/08/2024,54.13434903,27.58628239,60.63481915,0,16.54602558,9.152480636,23.31551185,8
28/08/2024,68.76795813,25.23335696,67.23211964,1,19.87518604,9.093171783,26.214415,5
29/08/2024,42.26210801,30.61335158,60.92883003,0,20.07206749,6.408713655,24.3476389,3
30/08/2024,37.55345297,38.12339229,36.91650914,0,21.89052138,9.339819617,26.71202509,1
31/08/2024,32.21279751,31.61539637,83.45599295,1,14.53256655,11.46565816,28.71509814,2
01/09/2024,64.96044311,28.73823249,89.12312562,1,22.3702691,7.451535762,35.02292692,1
02/09/2024,56.54365656,28.54094366,79.77282987,0,9.182433474,12.0969653,28.07304577,4
03/09/2024,49.44415329,22.18404596,52.93471494,0,17.48046179,10.97554964,20.48624576,5
04/09/2024,52.79968626,34.41554889,66.97762699,1,18.04690463,8.531533356,36.84040708,10
05/09/2024,38.74510953,29.61081401,69.90218027,0,22.5333073,9.716940725,24.9774592,4
06/09/2024,74.4575198,29.09760043,78.98191584,1,20.09052341,13.19664362,29.64767744,1
07/09/2024,51.29221182,45.96553784,80.02510733,1,14.37774778,11.46709563,32.67921904,4
08/09/2024,51.09394795,31.49376454,58.98739302,0,16.0600275,10.01756731,31.19766251,8
09/09/2024,57.25766624,26.24104475,71.22993335,0,20.79472004,9.524633366,36.56507729,3
10/09/2024,54.81009232,27.86821202,76.85920607,1,19.68373063,10.15321814,32.87401886,9
11/09/2024,52.23884024,35.74222855,91.83733483,0,17.68350356,8.976472884,24.83214252,1
12/09/2024,42.09525545,30.56635205,80.5675981,1,18.07666484,5.790500989,43.07137304,2
13/09/2024,54.71468357,22.80861011,81.83585031,1,22.78467199,14.08435582,31.16600078,2
14/09/2024,68.82024496,34.59614467,71.25739942,1,17.92922971,10.31065,29.11595864,8
15/09/2024,63.45420046,26.65927957,91.15688718,0,19.64763502,10.79629453,35.78355254,3
16/09/2024,65.93186627,39.36648888,76.14644194,1,28.67974635,9.8841845,31.49670568,0
17/09/2024,44.88784324,35.40024033,57.08368135,1,14.30526945,8.529766399,32.39536916,0
18/09/2024,40.1039518,27.76339052,91.05054955,1,12.59262907,9.628151038,44.95310399,6
19/09/2024,48.7421308,36.40508181,80.46854909,1,23.13435866,6.801210476,28.34927143,6
20/09/2024,50.55724912,30.33927755,63.35433968,1,17.28542775,14.554173,28.09343464,1
21/09/2024,60.94191518,34.26386838,62.80760549,1,18.72704989,7.530976003,30.69947107,8
22/09/2024,33.0753537,32.42366409,74.44863318,1,16.87537449,7.936067432,36.42909561,8
23/09/2024,65.29550319,25.76821673,76.94777193,1,18.96079944,9.119481591,20.96079582,4
24/09/2024,48.41992101,26.78225084,72.95938398,1,26.39415245,12.57615145,18.20666465,2
25/09/2024,45.7311893,35.14980409,74.6696301,1,23.20851383,10.029018,26.47730838,2
26/09/2024,39.87895625,28.32612334,95.49936062,1,23.44889405,7.527728408,20.19646225,2
27/09/2024,33.45143328,27.98175768,86.07314728,0,14.33509178,12.50867672,27.45101191,5
28/09/2024,58.23170584,25.2243871,72.85953387,1,15.39538505,11.46200125,33.01499818,3
29/09/2024,50.73317967,32.11799533,84.11965871,1,8.643685362,11.07686991,24.65550682,7
30/09/2024,37.100391,40.3126246,54.51214145,1,16.76247672,11.43146848,21.43904054,10
01/10/2024,37.04921228,24.66233543,75.96890575,0,23.82681275,14.7887238,30.41602297,10
02/10/2024,46.64215301,30.12109728,97.13959525,1,22.06778606,14.37018979,35.17526091,10
03/10/2024,66.69021525,37.06110278,66.72931157,0,19.11394695,8.626569314,19.83015937,4
04/10/2024,47.40408649,29.60179304,57.28549107,1,19.91079887,13.24776999,34.92139439,0
05/10/2024,34.96857047,32.26185898,60.21866667,1,17.24445783,10.76633638,34.90383722,8
06/10/2024,47.54256936,24.68803236,53.65550444,0,20.81903553,10.99819163,35.72451061,0
07/10/2024,47.2727643,32.14153549,58.22857138,1,23.06351312,6.615458337,37.31088129,5
08/10/2024,23.03113357,29.06427867,64.44237852,0,13.53645285,9.659228469,43.21208355,0
09/10/2024,49.45705133,34.92864998,48.91649471,0,21.19859075,8.374352819,27.86344771,2
10/10/2024,47.6906547,35.93693026,70.23427501,1,23.72973948,11.65611763,30.65742948,9
11/10/2024,56.96206365,42.94781821,83.53415761,1,18.33959884,12.142161,27.5013694,4
12/10/2024,68.48956095,32.89816587,56.3836573,1,22.80280245,5.851027298,30.01186107,9
13/10/2024,61.2656503,31.62898158,92.78925885,1,31.25861778,9.955930272,39.19724013,6
14/10/2024,47.31111309,30.97192151,77.66188133,0,19.58262883,12.24372301,21.9299131,9
15/10/2024,38.93474091,28.23416854,85.45870878,0,21.5732282,9.626642075,24.83370197,7
16/10/2024,75.73359803,31.69241922,60.13248169,1,17.04777167,11.45812729,38.26308562,8
17/10/2024,50.59218434,28.52299295,82.81787841,0,20.72500465,10.70233094,36.12021904,5
18/10/2024,50.13929292,30.84230488,53.62099149,0,21.8410865,10.68332046,27.82121012,10
19/10/2024,49.75874913,36.58798768,83.35371251,1,20.77936936,9.457370044,35.12641201,8
20/10/2024,51.98084761,24.96728717,72.5775901,0,15.92121872,7.566838392,32.04729505,7
21/10/2024,48.55639588,35.69939281,78.2987683,0,20.82544709,7.756939705,39.00164765,8
22/10/2024,44.26337993,36.58557534,52.36608092,1,25.84878375,11.41870503,30.44705756,9
23/10/2024,44.53141059,29.40965737,56.57395237,0,21.79454306,10.03891651,36.15379268,3
24/10/2024,49.6724673,19.3907255,78.95842327,1,23.84794876,9.722975511,45.85207146,8
25/10/2024,44.56575229,26.96089006,55.77477994,0,19.05195212,9.152219915,33.58859493,6
26/10/2024,42.87154217,36.48497273,76.94809438,1,22.99960096,9.389622309,30.29596899,4
27/10/2024,51.06430228,29.88565969,49.4929329,0,21.11707135,12.09382359,34.33468191,4
28/10/2024,47.45022783,25.00348884,82.72261319,0,16.19635708,9.329511836,27.80831485,0
29/10/2024,65.03992989,27.47612539,51.51215028,1,21.27408402,7.317870573,44.32780623,1
30/10/2024,23.49030192,34.20310013,78.28449907,1,16.03321335,11.48730355,31.08042623,9
31/10/2024,60.91506852,32.73366784,79.384464,1,17.4684789,9.590246672,28.36240008,2
01/11/2024,62.46085192,28.8053395,59.54842272,1,20.75731323,10.06279173,24.98586597,7
02/11/2024,29.26609768,28.16587794,78.73039851,0,21.18897709,13.21515661,36.58332115,5
03/11/2024,46.57312406,28.04120925,73.90663395,0,15.24307014,9.958878885,35.20312448,9
04/11/2024,46.28559134,25.38794908,61.91737216,0,24.21594308,10.57836735,27.01587377,10
05/11/2024,35.92488305,38.07687845,54.87167974,1,22.28802511,7.642153017,33.45870807,4
06/11/2024,42.22183312,28.38839765,40.56061462,0,17.18108626,9.560661095,20.94866419,0
07/11/2024,38.89424155,36.0857926,75.24475071,0,13.84966081,11.21905209,31.10982345,10
08/11/2024,67.52270443,37.60658026,46.52795843,1,19.42038168,6.889252532,32.71653811,8
09/11/2024,59.35678393,34.99155449,71.43016299,1,18.21622514,10.40169019,40.24397886,2
10/11/2024,62.71555095,27.84189844,66.04827676,0,20.45256183,10.20158215,25.37508718,2
11/11/2024,57.21672064,32.01865045,80.18714163,1,18.54753336,10.08257491,22.32988423,1
12/11/2024,38.70948229,29.87902197,65.46931751,0,11.97017256,12.0743178,24.62743223,3
13/11/2024,44.75479734,25.4814907,65.0582832,0,18.44661225,10.66887703,21.980589,1
14/11/2024,54.89374561,31.62179641,80.97806056,1,18.77752356,12.9561438,38.01994415,8
15/11/2024,37.77872191,24.10480104,75.02587044,0,22.5346441,8.012820969,39.29183577,9
16/11/2024,57.1299843,35.93839694,74.74233936,1,17.2072013,10.27184913,31.92129947,6
17/11/2024,47.59674602,27.67691351,77.03901385,1,26.71469869,10.16893357,37.32776967,7
18/11/2024,46.25179192,31.00579828,46.96641815,0,12.3534378,7.861491012,30.80375028,2
19/11/2024,57.10959968,31.41643936,81.3518302,0,25.24466999,11.91259,29.42933011,5
20/11/2024,54.44263311,28.70547513,79.18703191,0,19.10272412,14.64934661,28.00177429,9
21/11/2024,46.39033834,32.93346901,54.74975307,1,23.43833949,9.965987851,28.13765405,5
22/11/2024,61.59329803,27.62548172,66.33879289,0,20.31920594,11.01004218,20.71319066,0
23/11/2024,39.18936672,34.35648649,69.41039069,1,24.55822214,10.16903695,31.58552858,5
24/11/2024,56.15935607,23.2701016,67.98254823,1,18.45055214,8.57283066,29.75799654,2
25/11/2024,55.93101258,30.6318979,75.0078995,0,15.6055183,6.358479444,34.47216434,10
26/11/2024,46.90453561,39.694645,91.47050173,1,25.68201715,8.588453034,30.56114098,2
27/11/2024,53.26133022,24.99834338,86.22650092,0,19.54607742,7.216083238,29.02377779,2
28/11/2024,37.48886424,26.61127515,50.3167121,0,20.88623389,13.40820416,24.77284182,9
29/11/2024,59.24027019,32.56953925,79.33104985,0,24.93900766,9.769780612,30.43291942,10
30/11/2024,48.15097864,30.89790891,89.93399979,0,15.87217903,9.308161342,34.42942338,10
01/12/2024,44.77276979,31.7531505,75.80212781,0,22.38196359,11.77830765,23.13996605,9
02/12/2024,60.49009226,32.44593565,86.36470638,0,17.64042097,7.756497794,30.52484252,10
03/12/2024,42.95656309,33.17360734,100.1840567,0,19.47132258,8.466271924,31.39825771,7
04/12/2024,35.91538704,35.54849921,85.35564319,1,20.28911586,10.13614454,25.6916113,4
05/12/2024,34.43370826,32.04909328,73.73962893,0,13.99911255,12.05753798,26.47286217,3
06/12/2024,56.06009951,28.79371173,85.67632711,1,16.88465183,11.00337009,31.38366509,8
07/12/2024,37.19570648,33.36286851,72.1733175,1,25.40429157,10.49665029,23.19947389,8
08/12/2024,67.54794182,39.49940967,70.35854565,1,23.54476475,10.15623547,32.09954229,0
09/12/2024,29.18070592,29.33683127,64.72878646,0,19.74944169,10.80047171,24.62787376,1
10/12/2024,66.96456368,25.12735348,93.45120038,1,20.97249383,10.40330581,36.37712216,7
11/12/2024,52.11017467,35.53540335,57.72357001,1,18.82302998,7.94005545,44.02696647,4
12/12/2024,49.03286888,29.39809418,92.98551587,0,25.42633354,10.09215844,24.83545919,6
13/12/2024,44.55080913,19.13665227,77.49796186,0,19.19858969,7.852622682,33.20524717,0
14/12/2024,53.99136114,34.23710839,49.01040738,1,20.92736837,10.16216509,25.63954857,9
15/12/2024,49.62365298,27.32335907,75.51473939,0,24.58412058,9.038704117,36.24572504,4
16/12/2024,61.03301882,29.54733359,38.49960239,0,16.89051406,15.07876325,22.40844955,10
17/12/2024,51.14227649,31.65990165,79.38262025,0,26.23515674,9.920211232,32.88352055,2
18/12/2024,51.50301761,30.9524984,83.27847224,0,13.87815436,7.191520867,24.7620662,9
19/12/2024,46.36387788,33.54725909,61.11466067,1,26.51856852,9.731639579,28.75809247,1
20/12/2024,49.43054376,27.82256815,71.85321544,0,18.50929766,11.03871749,23.81384835,1
21/12/2024,53.07801769,32.56552899,99.31236151,0,19.02920501,13.34672789,34.93410283,8
22/12/2024,32.89831607,28.70226661,62.41379944,0,12.43995932,8.8210952,24.97811787,3
23/12/2024,36.51814578,33.6940524,54.11638619,1,18.18082113,6.835144052,33.31178556,3
24/12/2024,57.43264094,33.07683742,92.22495104,1,15.84077388,11.63367402,27.93541183,6
25/12/2024,51.70865438,25.32280649,99.43880786,0,17.56941462,7.238802588,29.31316577,9
26/12/2024,48.16016664,35.42991058,70.05543508,0,19.45075614,9.127689117,30.88653544,9
27/12/2024,50.18433933,27.32018277,85.17194553,1,23.83116646,9.484759029,25.42905197,1
28/12/2024,53.47581705,34.04028899,90.12213873,0,20.83041341,9.860733093,31.26220268,2
29/12/2024,44.6024032,31.83643657,58.86273651,0,21.23070661,11.37832891,39.18200739,2
30/12/2024,42.21695275,39.19091838,62.72041247,1,15.61792244,8.632731435,25.33143129,5
31/12/2024,51.95845255,28.88267009,88.4631177,0,16.47698364,9.452541496,37.03086086,2
01/01/2025,40.21627222,28.25341602,95.27521418,0,27.19490007,9.971459294,38.9885858,10
02/01/2025,54.08252756,29.90290197,78.4432129,1,17.05919586,10.29919592,25.10307007,4
03/01/2025,32.97416396,28.48410109,56.8027847,1,26.62483301,10.19565435,21.26967237,3
04/01/2025,60.29155637,33.99970951,99.80591668,0,19.0277552,10.87201155,31.8117654,2
05/01/2025,54.72597482,21.91844696,62.03543653,1,20.00915174,11.68767902,26.71555486,7
06/01/2025,52.56029734,24.7315879,64.97293328,0,24.28146064,10.78526823,41.21161931,9
07/01/2025,59.82690984,24.66098539,75.13506752,0,25.08756969,10.90717105,30.20884524,2
08/01/2025,66.65474444,34.75153796,93.31240631,0,19.55674976,6.835553667,25.18680355,5
09/01/2025,60.14370065,38.55306686,82.80963965,1,18.44702779,10.1004554,23.11704293,6
10/01/2025,31.59125769,29.47775391,76.22298251,1,19.77631821,10.9590151,36.53942975,6
11/01/2025,37.20423033,29.15589138,76.94932795,0,21.35183011,11.45788239,26.57289616,1
12/01/2025,43.75181422,30.35026082,70.65272003,0,23.56521475,8.615298452,30.2629728,2
13/01/2025,50.2609105,35.80939151,78.37209272,1,20.01691944,8.68192145,35.73481647,9
14/01/2025,55.1765902,25.36323433,32.05659883,1,22.47554519,8.851798649,27.09444989,9
15/01/2025,42.74256187,31.19184491,65.55088811,1,26.55343893,11.0728278,29.72442703,3
16/01/2025,51.86766764,34.87598815,73.61982902,0,21.52523845,12.06776211,29.90058954,6
17/01/2025,42.44617068,32.50547085,52.73478875,1,21.24661142,9.185079785,34.09994707,1
18/01/2025,43.88482197,30.94790808,75.79484977,1,13.9243567,11.81592463,33.54446601,2
19/01/2025,35.93338903,35.00523046,66.93293169,0,9.477079453,10.24695962,28.67931761,6
20/01/2025,40.76766754,16.48383854,96.33213547,0,21.55350292,9.751428446,30.38189437,6
21/01/2025,36.48315394,33.3893766,93.59529588,0,19.62070307,9.57723154,27.76932593,9
22/01/2025,40.24126747,26.72962158,63.01291646,1,17.9408693,11.49322273,21.13432556,2
23/01/2025,60.53641797,20.84683552,67.73743433,0,20.97412082,10.65115563,31.54560514,0
24/01/2025,40.50601111,32.556013,68.89078652,0,19.75838508,14.55165086,41.35315056,2
25/01/2025,76.32382065,36.86829273,63.22510786,0,24.511121,8.295550714,24.69768516,4
26/01/2025,54.93317901,29.31275743,72.92537476,0,20.34444347,11.0362034,25.36182174,6
27/01/2025,51.84836124,34.76437274,58.62576897,1,17.01230686,8.94159798,24.77563337,3
28/01/2025,41.4164222,38.06139129,53.04076998,0,23.96066496,8.261426026,34.34755067,10
29/01/2025,57.00309879,36.57457227,79.34066836,1,19.1314757,9.978265726,32.69091273,10
30/01/2025,44.24362174,38.19982265,79.44294376,1,22.10614673,10.27470496,29.04877385,0
31/01/2025,51.22009815,33.71063746,57.93526361,1,18.09035718,15.83634711,24.49188563,5
01/02/2025,75.60084538,30.37716819,83.43033146,0,17.40069246,9.631708369,30.55426075,1
02/02/2025,49.039401,21.99017094,60.52633406,1,20.33667292,7.739642541,20.61226724,2
03/02/2025,61.49273326,28.76968756,73.79747857,0,20.05131457,10.54602143,30.8605594,3
04/02/2025,42.96823575,25.78376702,82.30516019,0,21.91930814,5.850719925,35.22914632,5
05/02/2025,49.6501151,40.85471359,69.49581153,0,18.92541699,9.816086435,22.49280518,5
06/02/2025,67.70800636,29.12057094,76.82111368,1,12.65456086,10.03205056,20.80489034,6
07/02/2025,43.73032942,30.61602403,62.25355534,0,18.26890447,11.58920077,39.47662735,4
08/02/2025,68.12448558,32.75742688,67.05300125,0,23.17527387,11.9472445,26.32944216,6
09/02/2025,57.07751935,30.21801223,66.91210854,0,18.81049568,8.992860762,36.81568708,1
10/02/2025,44.37533224,38.4752552,58.8013248,1,19.01446639,9.698771971,29.07601401,0
11/02/2025,56.32407739,26.88675319,67.34838755,1,23.94550602,8.467758339,29.0282711,9
12/02/2025,59.7255445,30.97303728,46.77072552,1,17.15210709,7.74387489,32.6304762,7
13/02/2025,56.21809962,26.28764707,62.63269379,0,13.82878713,10.61978956,24.69600686,0
14/02/2025,34.2977528,23.39988744,65.7268676,1,19.35747552,7.452828903,30.79498286,1
15/02/2025,42.72862824,26.94115455,66.15730371,0,18.0633042,9.170746199,27.71106351,10
16/02/2025,47.52481364,29.81481601,66.37753831,0,16.13501472,8.00965208,22.07703934,9
17/02/2025,49.25566571,27.85348888,69.073537,1,19.29848618,11.09936637,32.02489245,5
18/02/2025,56.20672098,26.5378951,77.19162277,0,21.96602259,13.6028602,28.42015316,0
19/02/2025,51.77701001,22.96841268,83.11775611,1,19.96284575,7.396824034,29.05785103,9
20/02/2025,36.64655641,29.58447214,60.2535216,0,21.22792429,6.293963034,22.73903434,2
21/02/2025,53.80197851,22.47639813,51.95198717,1,27.25363079,9.750226229,39.54840221,6
22/02/2025,56.10585745,33.80027982,54.36933382,0,18.62848455,10.03139559,35.26028512,7
23/02/2025,55.59790448,30.41219876,62.69195618,0,21.11339454,10.43731861,35.78493531,3
24/02/2025,60.80780726,22.7122425,64.72118023,0,17.96314655,9.10735897,28.16733179,2
25/02/2025,58.33922155,28.45395461,58.45005901,0,16.61456112,9.598721402,19.62490266,0
26/02/2025,54.59180079,26.23921797,50.55825004,0,17.66036939,10.73502082,41.71750429,8
27/02/2025,49.29834289,31.59587255,63.15818759,1,18.08496571,12.08086179,29.63341495,9
28/02/2025,33.39039066,36.70225223,72.7213993,0,21.43790319,6.089902459,25.50720122,5
01/03/2025,54.29618219,20.62413765,78.92544199,1,29.39630315,9.262121122,32.50080945,5
02/03/2025,52.07687687,30.5751304,61.6386542,1,17.13582625,10.42761759,37.00272473,8
03/03/2025,52.71578837,29.19933602,63.80503267,1,18.33349878,8.164047791,29.86169666,0
04/03/2025,37.23251424,33.35670038,56.09952537,0,19.74750795,13.46233926,37.67145101,5
05/03/2025,39.1894346,31.06598314,69.52841244,0,21.58319539,8.72918024,36.49799963,4
06/03/2025,60.53152853,26.24015334,57.27357049,0,21.05420325,9.917414626,23.54171288,10
07/03/2025,49.60444846,28.40473032,78.5969172,1,25.13638318,11.11204419,25.95725937,5
08/03/2025,56.81500697,26.01987072,43.21200262,0,10.29443172,8.817430422,35.74522298,10
09/03/2025,50.28318376,35.38003569,64.60555491,0,10.45228052,6.306853904,13.72432462,7
10/03/2025,50.29756139,30.10655824,74.51661009,1,18.01648731,9.142690946,29.10326584,4
11/03/2025,59.38283806,39.50595343,72.75751774,1,24.38920075,12.05888111,21.41501279,1
12/03/2025,44.83955272,29.69669593,110.395505,1,13.73740787,9.326209746,27.14067719,1
13/03/2025,50.96120777,26.45796617,75.24700037,1,7.969470641,8.307131397,28.20707947,9
14/03/2025,45.37724711,22.43142804,54.93918105,1,22.28471762,11.85134442,27.85053373,4
15/03/2025,45.65503773,20.98430162,68.56803629,1,20.97462889,9.338450208,26.68643249,2
16/03/2025,46.90827877,22.07932028,43.356305,0,15.63916637,8.979678373,23.4171381,9
17/03/2025,52.22133772,31.33563326,68.79100376,1,16.0578416,10.29891218,43.7514676,2
18/03/2025,45.21251378,32.54362512,57.50415914,0,16.12102512,11.54150042,41.20477202,7
19/03/2025,62.55756126,22.09404649,83.73085413,0,20.44214127,14.76342706,23.02760508,6
20/03/2025,41.05392698,34.47519157,61.75689588,0,17.4947389,11.65447222,39.49270051,0
21/03/2025,48.13128356,27.58469474,68.24851126,1,21.97625568,12.31967993,27.60320706,4
22/03/2025,45.60268942,30.73396506,60.46663238,0,8.581493348,8.988067602,30.77512484,8
23/03/2025,64.46977884,38.06110314,96.08277028,1,16.57259254,7.948263788,29.62035624,3
24/03/2025,51.96554777,34.48419658,65.18135851,1,15.49578416,10.1246627,26.04150815,0
25/03/2025,60.31844539,28.65734676,97.48835565,0,18.97463729,10.21433983,35.90311406,7
26/03/2025,35.14439627,25.54403887,82.21227643,1,17.84780897,7.842974517,30.75531918,4
27/03/2025,52.67050266,19.24092299,77.23100091,0,23.19137512,9.64941094,27.14069146,1
28/03/2025,58.89630796,26.4042334,75.53099721,0,12.56265291,10.7986352,22.17246334,0
29/03/2025,50.82283989,28.94434881,75.90695947,1,20.18196591,10.72078679,24.63842992,2
30/03/2025,60.65480375,25.06410236,41.08491131,0,22.23334569,11.00857571,20.15171931,8
31/03/2025,44.8271155,29.34371516,65.81674909,0,27.42658975,10.58192946,30.07334129,0
01/04/2025,64.0934744,30.38425941,82.67736957,0,18.07293612,8.985982681,22.82000645,3
02/04/2025,72.98898124,28.87572009,69.26654225,1,21.29783442,8.972198747,28.40663692,7
03/04/2025,46.3716144,26.7499871,48.9221523,0,12.78454883,7.602097204,38.22061112,7
04/04/2025,45.54497479,30.84327336,69.21393324,1,10.43217518,13.56955008,37.19579744,9
05/04/2025,64.53384477,32.20970325,95.56158274,1,23.3790975,10.02690073,29.80633864,10
06/04/2025,65.79572146,24.54800461,88.70337573,0,19.97775883,9.550293888,29.47749164,10
07/04/2025,44.77139973,37.0546619,69.06993986,0,24.71405076,8.142415837,41.2792473,7
08/04/2025,45.79813183,29.50705934,84.27173916,1,14.50638844,15.8713158,33.12453672,9
09/04/2025,47.18215391,30.09424811,64.50239469,1,22.07960856,7.853343936,28.03316124,7
10/04/2025,36.55549489,33.54107212,44.4419262,0,27.47527136,9.142304149,21.4438913,3
11/04/2025,40.81348054,31.16608066,56.13301018,0,21.67882243,10.83167367,32.36323931,7
12/04/2025,39.95859233,34.76568317,93.44333153,1,21.10632602,11.20042593,34.97594264,8
13/04/2025,42.32202435,31.43562083,65.89010377,1,20.03422432,11.91586411,26.21009085,6
14/04/2025,49.65315113,26.93781313,66.34924031,1,13.71647417,13.61521702,31.74721653,1
15/04/2025,52.34214733,31.80751763,65.50242706,1,25.42229174,11.01231531,27.81856023,8
16/04/2025,65.50500493,24.28136896,98.56204884,1,17.55656944,7.8879384,28.8958056,10
17/04/2025,40.01645959,30.54279853,94.38938373,0,22.01793303,9.48610975,15.07306765,7
18/04/2025,59.84322398,29.83385005,103.2817035,1,13.74786277,10.61566475,28.66931158,4
19/04/2025,47.86011156,28.95941571,67.61432184,1,15.28216134,14.13645208,35.81621581,2
20/04/2025,49.5053629,29.35731244,74.43436733,0,25.7403496,7.204389043,26.21158467,6
21/04/2025,56.74819492,20.59075477,47.25036176,0,18.61079084,12.40515301,30.31515821,1
22/04/2025,38.77277978,27.25637546,92.15401639,1,25.8131019,10.35982874,25.46429576,2
23/04/2025,53.82409746,30.46422451,52.48330673,1,19.68707736,11.67566107,32.16265006,8
24/04/2025,51.66452208,30.79928196,73.25163346,0,12.63240891,9.796010567,28.70086081,3
25/04/2025,54.92451264,24.8616243,53.54046209,1,23.5682704,8.31513474,24.36455076,3
26/04/2025,52.89168644,36.3285392,61.1669976,1,17.64043073,11.50174556,37.99530881,2
27/04/2025,74.5530014,25.66912576,57.44106353,0,22.79475525,11.30886205,35.57359208,4
28/04/2025,43.62260016,34.847286,60.88187109,1,20.10084347,11.94411393,26.37055942,2
29/04/2025,44.69003045,32.13597181,61.91315945,0,13.82752709,9.973390729,32.98672986,8
30/04/2025,43.76859474,26.76886345,61.77596808,0,20.65717906,8.800355953,33.22447202,2
01/05/2025,44.44522881,38.87655446,82.50000868,0,28.78489257,6.88242601,33.85380741,1
02/05/2025,43.62612873,24.03181584,53.4270581,0,21.97194583,11.63874654,19.83446462,4
03/05/2025,61.89016531,34.59577087,73.30812141,1,19.76992899,10.84777896,36.03963925,5
04/05/2025,64.20504248,35.00291159,88.26938728,0,24.30137361,8.068434734,26.58180622,0
05/05/2025,44.29253706,26.64689895,62.30205453,1,20.84267386,8.922852653,27.8530324,10
06/05/2025,41.67644427,36.9623265,59.23121664,1,20.83813692,9.066482376,45.82729051,5
07/05/2025,54.71415556,28.74976743,66.54213062,1,15.63349931,7.034031136,31.81124028,9
08/05/2025,44.47776956,31.44346815,87.69587813,1,20.9353921,8.364635207,27.68206515,2
09/05/2025,56.32931818,31.30160919,72.91161446,1,24.14177367,7.732339286,16.76823376,3
10/05/2025,52.02923021,29.32845629,62.03178558,0,16.65575139,9.175041976,38.3385848,5
11/05/2025,34.84255885,34.05404137,77.25814977,0,25.69798328,8.522605003,21.92874198,7
12/05/2025,65.47505201,33.9674436,53.46561775,0,19.6331759,6.745990158,23.97936658,8
13/05/2025,67.95877673,21.25734013,80.22039266,0,16.44892195,14.04518046,28.01188621,5
14/05/2025,43.8721131,36.52170121,76.12910962,1,23.99052831,12.50508146,38.49847075,6
15/05/2025,46.1229844,21.68754006,65.38287293,0,18.85282306,8.441961157,34.63943992,4
16/05/2025,52.85865391,35.16273102,57.42121302,1,23.03805955,10.54484279,29.05297494,8
17/05/2025,53.3445679,35.63352568,56.69978617,1,18.83296547,10.83493018,31.84975238,3
18/05/2025,56.58544273,24.54516785,78.02226005,0,19.76069543,12.38217171,26.39768584,9
19/05/2025,70.10204539,27.94592856,88.43470754,0,21.97424082,8.362789947,30.83792214,10
20/05/2025,48.23052773,24.47147666,60.44038379,0,21.16358823,12.18421357,30.44002047,5
21/05/2025,42.01702755,28.92539485,76.87580055,0,12.01787288,8.904189392,35.81261937,4
22/05/2025,36.20680772,28.45982858,38.69459472,1,15.51502504,7.328275192,35.80306873,0
23/05/2025,42.6906996,33.89830266,61.23073404,1,23.71763994,11.44827312,32.96386429,4
24/05/2025,49.66873027,36.55154373,69.53411601,0,19.47145364,12.58151685,27.82591465,4
25/05/2025,67.94557864,36.97841905,56.35474875,1,17.90507479,15.17581795,34.45093377,8
26/05/2025,44.82388701,27.18915987,55.95240438,1,14.56570394,7.60054947,29.4481892,0
27/05/2025,52.23787952,28.95389063,59.98330665,1,15.68105471,11.39783937,23.50851379,4
28/05/2025,49.83577104,21.58280904,74.38289092,0,11.91280544,9.180397512,27.58027325,6
29/05/2025,61.88393273,25.97064967,67.19006472,1,19.59487713,11.56671742,30.5071619,10
30/05/2025,75.26932426,34.82425817,36.4265315,0,17.60624968,7.059020898,35.4612947,5
31/05/2025,44.69131227,38.07791412,38.18949771,0,16.13364844,7.474460449,28.89883097,5
01/06/2025,45.10560557,23.82825564,60.89702233,1,19.7275063,8.448250354,22.74480773,6
02/06/2025,60.44160877,27.0376787,76.86529879,1,21.45588252,10.15792809,30.3404501,5
03/06/2025,56.8189149,29.86797122,28.78742736,0,28.37279173,8.717837467,30.68073624,4
04/06/2025,68.46707326,31.40080579,62.50404736,1,13.95246632,11.31810869,31.11502577,9
05/06/2025,55.83928185,25.9519824,62.10628215,1,24.63752417,12.05378924,35.5192291,4
06/06/2025,46.40707909,32.12030522,90.82506667,0,23.89240624,11.19915508,36.11353944,8
07/06/2025,55.90654831,27.63080326,64.22467282,0,16.88362904,13.23757528,26.43473477,7
08/06/2025,61.08703581,29.92773865,75.74483477,0,20.81294382,10.83165326,26.30313925,9
09/06/2025,58.20482181,32.73142124,72.1188571,0,18.169467,7.566206579,23.75880773,3
10/06/2025,55.07274031,30.03211135,38.0415028,1,20.74275432,12.72675303,34.19289402,3
11/06/2025,60.6667469,27.81807055,81.52310825,1,26.03652405,8.789687529,38.69292065,9
12/06/2025,61.6929559,29.45195098,73.23094758,0,22.42242493,11.820837,28.10950843,4
13/06/2025,63.82158991,29.5581852,77.6240296,0,22.03443349,13.14746843,28.55141661,2
14/06/2025,56.48709888,28.14994485,128.8935656,0,18.27876272,10.91337602,38.80069534,7
15/06/2025,48.3288192,28.70601969,38.73830591,1,14.06377334,7.007682374,33.03334712,6
16/06/2025,51.46713686,37.99323585,95.87044975,0,19.16612716,8.163575667,32.61741423,4
17/06/2025,62.06508967,32.80459724,65.68828721,1,24.82643262,12.64548893,22.85450096,9
18/06/2025,41.83064329,28.52259841,74.30993357,0,13.89132857,9.661754629,34.07236842,2
19/06/2025,53.68673309,33.48477202,69.31731632,0,15.77964253,10.15914707,24.42518196,4
20/06/2025,46.06661188,28.33090255,63.636455,0,20.50507094,11.51764883,23.19587888,2
21/06/2025,50.28744823,35.86562319,61.45250608,1,16.06138086,11.39264572,27.91937054,9
22/06/2025,62.78451863,31.84821096,74.94263103,1,16.82990621,10.55759962,26.48524366,4
23/06/2025,51.91099068,29.46348928,47.24239455,1,18.30560567,9.582663258,28.67040183,0
24/06/2025,50.46436548,32.23858463,81.25868751,0,14.53753038,9.374663109,21.35411019,5
25/06/2025,36.40143859,22.14561924,63.75708393,1,16.10351262,11.71579765,35.75289784,9
26/06/2025,57.46253566,24.36616266,53.04895991,1,22.81371167,11.10713906,36.76611777,3
27/06/2025,56.45484181,24.03037497,63.24980713,0,14.77052087,9.485399999,18.31594516,3
28/06/2025,71.63254723,30.71471547,88.85723825,0,13.60851146,12.16422463,35.87074683,7
29/06/2025,46.92221765,38.662575,61.96997369,1,17.47990008,9.74193177,25.13682822,1
30/06/2025,52.19150328,41.15650073,75.37680427,1,22.92782201,8.296675651,35.14185322,3
01/07/2025,52.49383684,33.19025551,59.03565586,1,19.21231277,8.482058602,29.58932104,1
02/07/2025,65.7745328,32.50422237,81.36882775,1,18.14167569,8.042518327,30.17265338,0
03/07/2025,49.04704468,20.99471133,80.28261608,0,20.17743519,9.455179967,28.8894141,9
04/07/2025,52.79021526,27.286631,97.7291325,0,13.01717027,12.46744856,37.27277523,2
05/07/2025,56.0789651,26.06108124,67.36654082,0,21.97882262,8.389809638,22.56247192,7
06/07/2025,51.86609123,26.89576201,80.02982207,1,21.53374013,10.37695152,33.64704203,5
07/07/2025,45.53566385,29.15928091,71.47101309,1,18.3627661,8.686621309,36.60798099,6
08/07/2025,51.94089993,27.63954711,89.43807673,0,24.02369805,9.479381917,34.29804048,1
09/07/2025,60.7363175,20.10350095,59.21751419,0,15.4900156,6.979917576,43.94819349,5
10/07/2025,39.73484701,33.73955128,81.17507969,1,24.51163597,9.558923542,26.82631942,7
11/07/2025,51.32969674,24.63628487,67.07954056,1,20.61797466,9.61258924,35.74382894,7
12/07/2025,42.99879185,31.19623432,69.03717734,0,18.65378964,11.08057589,29.36345619,3
13/07/2025,61.95046629,40.37041335,71.37628727,0,19.92050546,10.44656183,37.40043646,5
14/07/2025,34.76813095,25.40307704,73.78360595,0,19.57094094,7.60321575,29.95386603,4
15/07/2025,44.41078153,17.34856239,68.25656435,1,24.88113159,12.16839649,27.67274531,8
16/07/2025,53.77211875,28.56997889,73.22069775,1,15.69328349,10.42060608,37.83643322,7
17/07/2025,65.65524029,35.50479817,93.67177086,1,16.94992304,10.39678703,27.05062837,1
18/07/2025,49.34249739,39.79173727,84.78174528,1,24.14521157,9.981635293,21.52364545,6
19/07/2025,44.44800473,23.85225203,83.03731889,1,17.61786026,8.964485106,26.8989187,6
20/07/2025,68.81157069,32.48349612,63.16690711,1,23.60213231,10.43560468,33.71419768,10
21/07/2025,35.519861,27.67344772,56.66138758,0,26.79774393,10.95117687,38.35223251,0
22/07/2025,28.01194043,29.47025823,84.32950837,0,18.39281989,6.506208617,30.66677625,0
23/07/2025,54.4001445,43.22171674,83.14070189,1,22.72544931,8.922478325,37.9091824,3
24/07/2025,44.97945776,22.48514836,92.09006014,0,15.38523087,9.490106059,21.85095047,4
25/07/2025,39.78767183,31.26869831,60.94029061,1,23.01893319,10.51234121,27.34041921,3
26/07/2025,57.08356447,32.33846586,66.55677017,0,20.79769594,12.38662201,28.2685493,6
27/07/2025,52.43800714,35.42893162,45.40773756,1,21.89215313,8.456518371,29.31264344,2
28/07/2025,44.35921369,30.48991577,64.11293341,0,17.41771171,9.004076306,30.50456633,6
29/07/2025,37.19695601,31.5402527,84.94855766,0,13.35566634,8.974931779,34.14546574,7
30/07/2025,58.72457328,28.04175716,63.00256931,1,22.01300826,8.39694482,27.33115897,5
31/07/2025,56.50201178,31.34563471,79.60719693,1,11.74638739,9.30562701,30.83417212,5
01/08/2025,49.00824136,28.28403862,67.14245341,0,18.73059803,11.54160444,29.72926266,7
02/08/2025,68.46636996,33.10785945,74.86085542,0,23.76472747,7.892329009,24.44466058,7
03/08/2025,39.29915234,28.15194832,52.78462915,1,20.76759094,10.85562879,29.31799987,6
04/08/2025,34.74474829,31.88550197,71.27814174,0,27.79337058,6.59619554,29.13804282,5
05/08/2025,43.0809193,29.85368593,25.13296044,1,24.10043661,8.877324007,29.00951661,5
06/08/2025,49.54413984,35.63025125,67.19655763,1,17.38440645,9.3410214,30.19055674,9
07/08/2025,52.43339449,29.74303138,45.54290134,0,20.10925352,13.34971935,30.45404124,10
08/08/2025,47.58763942,21.13483766,88.08991775,1,19.81051719,9.45039539,27.40622893,5
09/08/2025,53.52055397,36.3096075,81.66111029,0,13.67129295,5.597513053,37.6362884,7
10/08/2025,37.48460576,25.4713385,77.00006473,0,16.23840433,6.002222186,22.98311622,0
11/08/2025,64.43764604,26.73116831,92.81509341,1,17.75695637,10.06805917,25.67417935,4
12/08/2025,49.17848822,27.02169353,55.76625219,0,11.85511799,11.22754171,46.67978175,2
13/08/2025,61.17295832,36.87219047,96.21044797,1,20.18997387,10.75091172,23.77205187,7
14/08/2025,53.42725346,19.32162893,83.98287346,1,19.00371262,10.33514021,21.87747195,10
15/08/2025,54.56753219,45.68874267,66.45167069,1,13.30842439,12.3245192,34.40686047,5
16/08/2025,55.6976728,35.28028405,87.03430221,0,21.61685146,8.920817559,17.53728088,1
17/08/2025,54.4770856,31.11619457,53.40559731,1,22.86349098,11.78982111,28.58835654,6
18/08/2025,56.4272276,29.72553,57.63228758,0,20.90813792,6.73597023,42.87494955,6
19/08/2025,63.2915253,31.42777037,60.87115415,1,18.7037273,8.190104334,20.73038447,4
20/08/2025,51.9652117,32.60561214,62.06533438,1,22.36576861,6.38591721,18.10821309,7
21/08/2025,57.09003758,33.22607793,54.15163536,1,22.72088144,9.450309399,21.00491279,4
22/08/2025,49.10264306,32.77802233,88.34624601,0,21.22961428,9.907477565,35.39015741,0
23/08/2025,64.40117215,30.44790341,66.11718399,0,16.701551,10.22820298,36.74866032,8
24/08/2025,43.23607698,29.0133079,75.28757453,1,21.10640306,10.12376671,26.92446722,3
25/08/2025,68.00940433,29.24363358,61.4447295,1,24.7819226,8.144893338,34.09927442,1
26/08/2025,49.59842049,29.0254586,42.69095049,0,17.61348377,9.619518311,38.34153197,3
27/08/2025,35.69224898,35.66885048,74.05086038,0,28.39175736,7.005106663,40.72407849,8
28/08/2025,51.28104415,32.96778361,41.31617537,0,17.89747626,12.72645795,28.52198831,1
29/08/2025,43.18948343,15.29805683,68.97048931,1,20.12962805,9.392747854,16.19116969,3
30/08/2025,58.40643549,33.27950388,49.47527442,0,17.31005762,9.022227762,25.07472647,1
31/08/2025,43.47376021,30.97368097,99.80913999,1,20.89308334,13.17788066,27.43917483,4
01/09/2025,45.53816567,29.90645622,83.67044083,0,13.03111323,7.515506933,28.44636722,2
02/09/2025,31.10459269,28.05740773,71.58630687,1,17.8158328,7.748825772,28.87284359,9
03/09/2025,45.47693681,35.6205636,88.95560016,1,15.6315152,7.80755935,36.71336759,1
04/09/2025,25.76120673,34.73763231,57.30526034,1,20.54135339,9.864257237,37.64657056,8
05/09/2025,34.16097177,26.13561166,78.15219068,0,23.9777895,10.86326326,28.96995808,4
06/09/2025,57.60414656,32.03526144,72.99715651,0,22.58402475,11.47935094,36.59090926,9
07/09/2025,57.85800159,25.14171633,73.96030122,0,10.51336256,15.14399063,32.1459682,4
08/09/2025,54.25457562,23.10190918,89.0853025,1,28.16827861,5.501135092,30.38703584,0
09/09/2025,40.33023857,26.86641388,80.98738154,1,21.18111976,11.21747118,35.43926494,5
10/09/2025,49.52288644,34.31196736,74.33085494,0,16.89400344,8.885738855,30.43351229,6
11/09/2025,49.96397461,34.76562523,45.17668846,1,20.62851168,8.827169702,42.34686706,0
12/09/2025,38.41635311,32.5654271,55.59930557,1,20.70475929,8.760455743,21.369533,8
13/09/2025,65.03398302,33.62547893,68.159366,1,17.33260513,8.182460658,26.90897461,7
14/09/2025,58.77362291,32.58089144,71.40058561,0,20.79166667,13.36904967,29.24088662,7
15/09/2025,47.79035826,26.79259202,53.04694413,1,17.57011085,11.68459465,32.63671614,6
16/09/2025,50.26885839,32.15961272,106.1751501,0,18.38255203,10.04639196,37.60776292,4
17/09/2025,52.08382808,34.00204763,92.74591083,0,17.25488346,12.7020315,29.8536086,2
18/09/2025,29.58265132,33.77145665,79.03177481,0,14.26931484,6.974942069,21.4666221,8
19/09/2025,47.52822617,35.94456686,71.08055292,0,20.58334588,7.338589737,35.05508338,6
20/09/2025,43.18015752,33.54151924,66.81686545,0,22.34119775,5.644064536,34.5297526,10
21/09/2025,39.9837999,31.75724104,55.7212231,1,22.05953438,8.60117092,18.34884804,9
22/09/2025,47.18899707,35.35075119,71.16220778,0,23.27970101,10.32339705,29.9771752,9
23/09/2025,67.97686527,29.8673937,73.8662881,0,21.29736084,10.20571716,20.45914902,7
24/09/2025,56.40842861,25.59062674,51.37359137,0,17.86909801,10.29868382,26.01209341,5
25/09/2025,44.2882101,29.18466518,75.01264626,1,23.35865546,7.177886338,24.58314644,10
26/09/2025,55.72582781,26.27548678,67.67111427,1,14.56992984,11.60630949,34.85558819,4
